UserID,DestinationID,Rating,user_idx,dest_idx,Total_Travelers,Gender_Bin,Adventure,Beaches,City,Historical,Nature
1,467,3.0,0,406,1,0,0,1,0,1,0
1,941,5.0,0,811,1,0,0,1,0,1,0
2,385,5.0,1,337,4,1,1,0,0,0,1
2,437,2.0,1,384,4,1,1,0,0,0,1
2,707,5.0,1,612,4,1,1,0,0,0,1
3,421,4.0,2,369,2,0,0,0,1,1,0
3,904,4.0,2,778,2,0,0,0,1,1,0
4,84,1.0,3,75,1,0,0,1,0,1,0
4,464,3.0,3,404,1,0,0,1,0,1,0
4,470,2.0,3,409,1,0,0,1,0,1,0
4,777,5.0,3,673,1,0,0,1,0,1,0
4,867,1.0,3,747,1,0,0,1,0,1,0
5,208,3.0,4,184,4,0,1,0,0,0,1
5,425,3.0,4,373,4,0,1,0,0,0,1
6,963,5.0,5,832,2,1,0,0,1,1,0
7,670,1.0,6,577,3,1,0,1,0,1,0
7,953,5.0,6,822,3,1,0,1,0,1,0
8,50,5.0,7,45,4,1,1,0,0,0,1
8,204,5.0,7,180,4,1,1,0,0,0,1
9,890,4.0,8,766,2,0,0,0,1,1,0
9,959,2.0,8,828,2,0,0,0,1,1,0
9,996,5.0,8,861,2,0,0,0,1,1,0
10,130,1.0,9,116,4,1,0,1,0,1,0
10,547,3.0,9,478,4,1,0,1,0,1,0
11,89,3.0,10,79,4,1,1,0,0,0,1
12,927,2.0,11,799,2,0,0,0,1,1,0
13,50,5.0,12,45,3,1,0,1,0,1,0
13,340,5.0,12,294,3,1,0,1,0,1,0
13,994,2.0,12,859,3,1,0,1,0,1,0
14,480,1.0,13,419,4,0,1,0,0,0,1
14,624,5.0,13,534,4,0,1,0,0,0,1
15,222,1.0,14,196,3,1,0,0,1,1,0
15,315,5.0,14,274,3,1,0,0,1,1,0
15,481,4.0,14,420,3,1,0,0,1,1,0
15,701,2.0,14,606,3,1,0,0,1,1,0
15,974,5.0,14,842,3,1,0,0,1,1,0
16,40,4.0,15,37,3,0,0,1,0,1,0
16,113,2.0,15,100,3,0,0,1,0,1,0
16,176,1.0,15,155,3,0,0,1,0,1,0
16,970,2.0,15,839,3,0,0,1,0,1,0
17,610,4.0,16,522,3,0,1,0,0,0,1
17,764,3.0,16,660,3,0,1,0,0,0,1
18,582,1.0,17,501,1,1,0,0,1,1,0
18,883,1.0,17,762,1,1,0,0,1,1,0
20,268,2.0,18,235,2,0,1,0,0,0,1
20,311,5.0,18,272,2,0,1,0,0,0,1
20,429,4.0,18,376,2,0,1,0,0,0,1
20,434,4.0,18,381,2,0,1,0,0,0,1
20,491,5.0,18,430,2,0,1,0,0,0,1
20,674,4.0,18,580,2,0,1,0,0,0,1
20,831,3.0,18,718,2,0,1,0,0,0,1
21,118,3.0,19,105,1,1,0,0,1,1,0
21,347,3.0,19,300,1,1,0,0,1,1,0
21,489,3.0,19,428,1,1,0,0,1,1,0
23,725,3.0,20,626,3,1,1,0,0,0,1
23,762,4.0,20,658,3,1,1,0,0,0,1
24,272,4.0,21,239,3,1,0,0,1,1,0
24,530,3.0,21,464,3,1,0,0,1,1,0
26,318,5.0,22,277,2,1,1,0,0,0,1
26,682,2.0,22,587,2,1,1,0,0,0,1
26,952,5.0,22,821,2,1,1,0,0,0,1
27,130,1.0,23,116,4,0,0,0,1,1,0
27,702,5.0,23,607,4,0,0,0,1,1,0
29,379,4.0,24,331,2,0,1,0,0,0,1
29,505,3.0,24,443,2,0,1,0,0,0,1
30,239,5.0,25,211,2,0,0,0,1,1,0
30,512,4.0,25,448,2,0,0,0,1,1,0
31,137,2.0,26,123,4,1,0,1,0,1,0
31,305,4.0,26,267,4,1,0,1,0,1,0
33,978,4.0,27,846,4,1,0,0,1,1,0
34,297,1.0,28,261,3,0,0,1,0,1,0
34,886,5.0,28,764,3,0,0,1,0,1,0
34,910,5.0,28,783,3,0,0,1,0,1,0
34,953,4.0,28,822,3,0,0,1,0,1,0
35,91,5.0,29,81,3,1,1,0,0,0,1
35,134,5.0,29,120,3,1,1,0,0,0,1
35,573,2.0,29,495,3,1,1,0,0,0,1
35,977,4.0,29,845,3,1,1,0,0,0,1
36,270,1.0,30,237,4,1,0,0,1,1,0
36,492,5.0,30,431,4,1,0,0,1,1,0
37,909,3.0,31,782,3,1,0,1,0,1,0
39,333,5.0,32,288,4,1,0,0,1,1,0
39,507,5.0,32,444,4,1,0,0,1,1,0
40,436,2.0,33,383,2,1,0,1,0,1,0
40,654,5.0,33,563,2,1,0,1,0,1,0
40,920,4.0,33,793,2,1,0,1,0,1,0
42,189,2.0,34,166,4,0,0,0,1,1,0
42,468,2.0,34,407,4,0,0,0,1,1,0
42,500,4.0,34,438,4,0,0,0,1,1,0
42,653,1.0,34,562,4,0,0,0,1,1,0
43,160,4.0,35,142,3,0,0,1,0,1,0
43,200,1.0,35,176,3,0,0,1,0,1,0
44,230,2.0,36,204,4,1,1,0,0,0,1
44,546,4.0,36,477,4,1,1,0,0,0,1
44,670,5.0,36,577,4,1,1,0,0,0,1
45,474,2.0,37,413,2,0,0,0,1,1,0
45,925,4.0,37,797,2,0,0,0,1,1,0
46,487,1.0,38,426,3,0,0,1,0,1,0
46,544,2.0,38,475,3,0,0,1,0,1,0
47,338,5.0,39,292,3,0,1,0,0,0,1
47,423,3.0,39,371,3,0,1,0,0,0,1
47,739,4.0,39,638,3,0,1,0,0,0,1
48,150,3.0,40,134,2,1,0,0,1,1,0
48,264,4.0,40,232,2,1,0,0,1,1,0
49,512,3.0,41,448,2,1,0,1,0,1,0
49,699,1.0,41,604,2,1,0,1,0,1,0
49,724,4.0,41,625,2,1,0,1,0,1,0
49,746,5.0,41,644,2,1,0,1,0,1,0
50,21,2.0,42,19,2,0,1,0,0,0,1
50,114,3.0,42,101,2,0,1,0,0,0,1
50,224,2.0,42,198,2,0,1,0,0,0,1
51,951,5.0,43,820,2,1,0,0,1,1,0
51,967,1.0,43,836,2,1,0,0,1,1,0
52,775,5.0,44,671,3,0,0,1,0,1,0
52,889,3.0,44,765,3,0,0,1,0,1,0
53,501,5.0,45,439,4,1,1,0,0,0,1
53,938,5.0,45,808,4,1,1,0,0,0,1
54,210,1.0,46,186,2,1,0,0,1,1,0
54,678,2.0,46,584,2,1,0,0,1,1,0
55,271,4.0,47,238,2,0,0,1,0,1,0
55,732,2.0,47,632,2,0,0,1,0,1,0
55,808,3.0,47,697,2,0,0,1,0,1,0
56,92,5.0,48,82,2,1,1,0,0,0,1
57,926,2.0,49,798,2,1,0,0,1,1,0
58,801,5.0,50,690,3,1,0,1,0,1,0
58,831,5.0,50,718,3,1,0,1,0,1,0
59,468,4.0,51,407,2,1,1,0,0,0,1
60,320,4.0,52,279,3,1,0,0,1,1,0
60,421,2.0,52,369,3,1,0,0,1,1,0
60,818,3.0,52,706,3,1,0,0,1,1,0
61,339,5.0,53,293,4,1,0,1,0,1,0
61,921,2.0,53,794,4,1,0,1,0,1,0
63,289,1.0,54,253,2,1,0,0,1,1,0
63,747,2.0,54,645,2,1,0,0,1,1,0
63,825,2.0,54,712,2,1,0,0,1,1,0
65,118,1.0,55,105,3,0,1,0,0,0,1
65,494,3.0,55,433,3,0,1,0,0,0,1
65,922,4.0,55,795,3,0,1,0,0,0,1
66,297,2.0,56,261,3,1,0,0,1,1,0
67,653,4.0,57,562,1,0,0,1,0,1,0
67,835,4.0,57,722,1,0,0,1,0,1,0
68,514,3.0,58,450,1,1,1,0,0,0,1
69,92,2.0,59,82,1,1,0,0,1,1,0
69,170,2.0,59,151,1,1,0,0,1,1,0
69,849,1.0,59,734,1,1,0,0,1,1,0
70,41,3.0,60,38,3,1,0,1,0,1,0
70,207,3.0,60,183,3,1,0,1,0,1,0
70,296,5.0,60,260,3,1,0,1,0,1,0
70,297,3.0,60,261,3,1,0,1,0,1,0
70,517,4.0,60,453,3,1,0,1,0,1,0
71,70,2.0,61,65,4,0,1,0,0,0,1
71,523,1.0,61,457,4,0,1,0,0,0,1
71,840,4.0,61,727,4,0,1,0,0,0,1
72,714,3.0,62,616,3,1,0,0,1,1,0
73,52,1.0,63,47,2,0,0,1,0,1,0
73,315,1.0,63,274,2,0,0,1,0,1,0
74,801,1.0,64,690,2,1,1,0,0,0,1
75,17,1.0,65,16,2,1,0,0,1,1,0
76,29,5.0,66,26,2,0,0,1,0,1,0
76,310,2.0,66,271,2,0,0,1,0,1,0
76,584,2.0,66,503,2,0,0,1,0,1,0
76,586,5.0,66,504,2,0,0,1,0,1,0
76,636,5.0,66,546,2,0,0,1,0,1,0
77,803,5.0,67,692,2,1,1,0,0,0,1
78,61,4.0,68,56,1,1,0,0,1,1,0
78,429,3.0,68,376,1,1,0,0,1,1,0
78,581,3.0,68,500,1,1,0,0,1,1,0
79,493,4.0,69,432,2,1,0,1,0,1,0
79,969,1.0,69,838,2,1,0,1,0,1,0
80,49,2.0,70,44,3,0,1,0,0,0,1
80,176,1.0,70,155,3,0,1,0,0,0,1
80,648,3.0,70,557,3,0,1,0,0,0,1
80,873,1.0,70,753,3,0,1,0,0,0,1
81,805,3.0,71,694,3,0,0,0,1,1,0
81,909,4.0,71,782,3,0,0,0,1,1,0
82,360,4.0,72,313,2,1,0,1,0,1,0
82,918,2.0,72,791,2,1,0,1,0,1,0
83,765,1.0,73,661,2,0,1,0,0,0,1
84,177,2.0,74,156,2,0,0,0,1,1,0
84,293,2.0,74,257,2,0,0,0,1,1,0
84,439,3.0,74,386,2,0,0,0,1,1,0
86,90,1.0,75,80,4,1,1,0,0,0,1
87,14,4.0,76,13,4,1,0,0,1,1,0
87,254,3.0,76,223,4,1,0,0,1,1,0
88,383,2.0,77,335,3,1,0,1,0,1,0
88,685,5.0,77,590,3,1,0,1,0,1,0
88,889,1.0,77,765,3,1,0,1,0,1,0
89,916,5.0,78,789,2,1,1,0,0,0,1
91,153,5.0,79,137,3,1,0,1,0,1,0
91,448,2.0,79,392,3,1,0,1,0,1,0
91,954,3.0,79,823,3,1,0,1,0,1,0
92,101,3.0,80,90,2,0,1,0,0,0,1
92,408,3.0,80,357,2,0,1,0,0,0,1
92,477,1.0,80,416,2,0,1,0,0,0,1
93,833,1.0,81,720,1,0,0,0,1,1,0
93,847,4.0,81,732,1,0,0,0,1,1,0
93,920,2.0,81,793,1,0,0,0,1,1,0
94,280,1.0,82,246,3,1,0,1,0,1,0
95,67,2.0,83,62,3,0,1,0,0,0,1
95,129,4.0,83,115,3,0,1,0,0,0,1
95,188,5.0,83,165,3,0,1,0,0,0,1
95,598,2.0,83,512,3,0,1,0,0,0,1
97,662,4.0,84,570,3,1,0,1,0,1,0
98,398,1.0,85,349,2,1,1,0,0,0,1
98,617,5.0,85,527,2,1,1,0,0,0,1
99,37,4.0,86,34,2,1,0,0,1,1,0
99,103,4.0,86,92,2,1,0,0,1,1,0
100,53,3.0,87,48,2,0,0,1,0,1,0
100,198,3.0,87,174,2,0,0,1,0,1,0
100,218,2.0,87,193,2,0,0,1,0,1,0
101,116,2.0,88,103,2,0,1,0,0,0,1
101,476,3.0,88,415,2,0,1,0,0,0,1
101,507,3.0,88,444,2,0,1,0,0,0,1
101,537,4.0,88,469,2,0,1,0,0,0,1
101,878,5.0,88,758,2,0,1,0,0,0,1
101,984,3.0,88,849,2,0,1,0,0,0,1
102,124,5.0,89,111,3,0,0,0,1,1,0
102,511,3.0,89,447,3,0,0,0,1,1,0
102,849,2.0,89,734,3,0,0,0,1,1,0
103,293,4.0,90,257,1,0,0,1,0,1,0
103,305,2.0,90,267,1,0,0,1,0,1,0
103,828,2.0,90,715,1,0,0,1,0,1,0
104,463,2.0,91,403,3,1,1,0,0,0,1
104,635,1.0,91,545,3,1,1,0,0,0,1
106,357,2.0,92,310,1,1,0,1,0,1,0
106,655,1.0,92,564,1,1,0,1,0,1,0
107,130,5.0,93,116,2,0,1,0,0,0,1
107,524,4.0,93,458,2,0,1,0,0,0,1
108,737,2.0,94,636,2,1,0,0,1,1,0
109,291,5.0,95,255,2,0,0,1,0,1,0
109,405,5.0,95,356,2,0,0,1,0,1,0
109,919,5.0,95,792,2,0,0,1,0,1,0
109,977,3.0,95,845,2,0,0,1,0,1,0
111,914,2.0,96,787,2,1,0,0,1,1,0
111,990,5.0,96,855,2,1,0,0,1,1,0
112,373,4.0,97,325,3,1,0,1,0,1,0
112,691,5.0,97,596,3,1,0,1,0,1,0
113,273,1.0,98,240,1,1,1,0,0,0,1
113,548,4.0,98,479,1,1,1,0,0,0,1
114,485,5.0,99,424,1,1,0,0,1,1,0
114,767,5.0,99,663,1,1,0,0,1,1,0
115,50,3.0,100,45,2,0,0,1,0,1,0
117,154,2.0,101,138,3,1,0,0,1,1,0
117,366,1.0,101,319,3,1,0,0,1,1,0
117,551,2.0,101,481,3,1,0,0,1,1,0
117,969,5.0,101,838,3,1,0,0,1,1,0
118,327,1.0,102,284,2,1,0,1,0,1,0
118,766,2.0,102,662,2,1,0,1,0,1,0
119,402,4.0,103,353,2,1,1,0,0,0,1
121,235,2.0,104,207,4,0,0,1,0,1,0
121,873,2.0,104,753,4,0,0,1,0,1,0
121,945,5.0,104,815,4,0,0,1,0,1,0
122,348,1.0,105,301,4,1,1,0,0,0,1
123,49,2.0,106,44,3,0,0,0,1,1,0
123,118,3.0,106,105,3,0,0,0,1,1,0
123,148,3.0,106,132,3,0,0,0,1,1,0
123,622,4.0,106,532,3,0,0,0,1,1,0
124,872,2.0,107,752,2,1,0,1,0,1,0
124,881,3.0,107,761,2,1,0,1,0,1,0
125,832,5.0,108,719,2,0,1,0,0,0,1
125,904,3.0,108,778,2,0,1,0,0,0,1
126,4,5.0,109,3,1,0,0,0,1,1,0
126,287,4.0,109,251,1,0,0,0,1,1,0
126,335,4.0,109,290,1,0,0,0,1,1,0
126,753,2.0,109,650,1,0,0,0,1,1,0
126,983,3.0,109,848,1,0,0,0,1,1,0
127,719,4.0,110,620,4,0,0,1,0,1,0
127,938,3.0,110,808,4,0,0,1,0,1,0
128,206,5.0,111,182,4,1,1,0,0,0,1
128,330,3.0,111,286,4,1,1,0,0,0,1
128,369,2.0,111,322,4,1,1,0,0,0,1
128,605,1.0,111,518,4,1,1,0,0,0,1
129,240,3.0,112,212,3,1,0,0,1,1,0
129,399,2.0,112,350,3,1,0,0,1,1,0
129,586,3.0,112,504,3,1,0,0,1,1,0
129,632,5.0,112,542,3,1,0,0,1,1,0
130,96,5.0,113,86,4,1,0,1,0,1,0
131,120,3.0,114,107,3,0,1,0,0,0,1
132,839,5.0,115,726,4,0,0,0,1,1,0
132,967,2.0,115,836,4,0,0,0,1,1,0
133,84,2.0,116,75,4,1,0,1,0,1,0
133,130,5.0,116,116,4,1,0,1,0,1,0
133,242,4.0,116,214,4,1,0,1,0,1,0
134,302,2.0,117,264,1,0,1,0,0,0,1
134,415,4.0,117,364,1,0,1,0,0,0,1
135,818,4.0,118,706,3,0,0,0,1,1,0
135,836,5.0,118,723,3,0,0,0,1,1,0
135,916,3.0,118,789,3,0,0,0,1,1,0
135,978,1.0,118,846,3,0,0,0,1,1,0
136,255,2.0,119,224,4,1,0,1,0,1,0
137,305,5.0,120,267,3,0,1,0,0,0,1
138,238,1.0,121,210,3,0,0,0,1,1,0
140,140,3.0,122,126,3,0,1,0,0,0,1
140,533,4.0,122,467,3,0,1,0,0,0,1
140,699,2.0,122,604,3,0,1,0,0,0,1
140,884,1.0,122,763,3,0,1,0,0,0,1
141,707,2.0,123,612,3,0,0,0,1,1,0
142,381,2.0,124,333,3,1,0,1,0,1,0
143,939,1.0,125,809,1,1,1,0,0,0,1
144,679,2.0,126,585,2,0,0,0,1,1,0
145,650,1.0,127,559,2,1,0,1,0,1,0
146,709,2.0,128,613,2,0,1,0,0,0,1
146,917,3.0,128,790,2,0,1,0,0,0,1
147,421,5.0,129,369,3,0,0,0,1,1,0
148,153,3.0,130,137,3,1,0,1,0,1,0
148,176,1.0,130,155,3,1,0,1,0,1,0
148,301,2.0,130,263,3,1,0,1,0,1,0
148,368,4.0,130,321,3,1,0,1,0,1,0
149,676,3.0,131,582,2,1,1,0,0,0,1
151,535,2.0,132,468,2,0,0,1,0,1,0
151,749,4.0,132,647,2,0,0,1,0,1,0
152,966,3.0,133,835,2,1,1,0,0,0,1
153,720,4.0,134,621,1,0,0,0,1,1,0
153,864,2.0,134,744,1,0,0,0,1,1,0
155,567,5.0,135,491,2,1,1,0,0,0,1
158,552,4.0,136,482,3,1,1,0,0,0,1
158,608,1.0,136,520,3,1,1,0,0,0,1
158,967,2.0,136,836,3,1,1,0,0,0,1
159,477,3.0,137,416,1,1,0,0,1,1,0
160,96,1.0,138,86,4,0,0,1,0,1,0
160,333,1.0,138,288,4,0,0,1,0,1,0
161,966,2.0,139,835,1,0,1,0,0,0,1
162,213,4.0,140,188,1,1,0,0,1,1,0
163,58,4.0,141,53,4,0,0,1,0,1,0
163,169,1.0,141,150,4,0,0,1,0,1,0
165,273,2.0,142,240,2,1,0,0,1,1,0
165,354,5.0,142,307,2,1,0,0,1,1,0
165,364,2.0,142,317,2,1,0,0,1,1,0
165,398,5.0,142,349,2,1,0,0,1,1,0
165,519,3.0,142,455,2,1,0,0,1,1,0
165,928,4.0,142,800,2,1,0,0,1,1,0
166,259,5.0,143,228,2,1,0,1,0,1,0
166,698,1.0,143,603,2,1,0,1,0,1,0
167,393,5.0,144,345,3,1,1,0,0,0,1
168,301,2.0,145,263,3,0,0,0,1,1,0
168,331,5.0,145,287,3,0,0,0,1,1,0
168,334,4.0,145,289,3,0,0,0,1,1,0
168,932,2.0,145,803,3,0,0,0,1,1,0
169,196,5.0,146,173,4,0,0,1,0,1,0
169,302,3.0,146,264,4,0,0,1,0,1,0
169,392,1.0,146,344,4,0,0,1,0,1,0
169,415,1.0,146,364,4,0,0,1,0,1,0
170,179,1.0,147,158,1,0,1,0,0,0,1
171,387,4.0,148,339,3,1,0,0,1,1,0
172,946,1.0,149,816,3,1,0,1,0,1,0
174,175,2.0,150,154,2,1,0,0,1,1,0
174,711,1.0,150,614,2,1,0,0,1,1,0
174,718,5.0,150,619,2,1,0,0,1,1,0
174,784,1.0,150,677,2,1,0,0,1,1,0
177,17,2.0,151,16,3,1,0,0,1,1,0
177,466,5.0,151,405,3,1,0,0,1,1,0
178,142,4.0,152,128,1,0,0,1,0,1,0
179,392,1.0,153,344,3,1,1,0,0,0,1
179,630,2.0,153,540,3,1,1,0,0,0,1
180,60,2.0,154,55,3,0,0,0,1,1,0
180,502,5.0,154,440,3,0,0,0,1,1,0
180,900,1.0,154,774,3,0,0,0,1,1,0
180,960,3.0,154,829,3,0,0,0,1,1,0
181,282,4.0,155,248,3,1,0,1,0,1,0
181,869,1.0,155,749,3,1,0,1,0,1,0
182,7,5.0,156,6,2,1,1,0,0,0,1
182,110,5.0,156,98,2,1,1,0,0,0,1
182,939,3.0,156,809,2,1,1,0,0,0,1
183,603,1.0,157,516,4,1,0,0,1,1,0
184,61,4.0,158,56,3,1,0,1,0,1,0
184,394,3.0,158,346,3,1,0,1,0,1,0
184,485,1.0,158,424,3,1,0,1,0,1,0
184,532,5.0,158,466,3,1,0,1,0,1,0
184,538,5.0,158,470,3,1,0,1,0,1,0
184,878,3.0,158,758,3,1,0,1,0,1,0
185,768,3.0,159,664,3,0,1,0,0,0,1
186,986,2.0,160,851,3,1,0,0,1,1,0
187,717,4.0,161,618,1,0,0,1,0,1,0
187,997,4.0,161,862,1,0,0,1,0,1,0
188,210,2.0,162,186,1,0,1,0,0,0,1
188,387,5.0,162,339,1,0,1,0,0,0,1
188,632,1.0,162,542,1,0,1,0,0,0,1
188,640,1.0,162,550,1,0,1,0,0,0,1
189,770,5.0,163,666,2,0,0,0,1,1,0
189,978,3.0,163,846,2,0,0,0,1,1,0
190,547,2.0,164,478,1,0,0,1,0,1,0
190,656,4.0,164,565,1,0,0,1,0,1,0
190,945,5.0,164,815,1,0,0,1,0,1,0
191,24,3.0,165,22,3,1,1,0,0,0,1
191,389,1.0,165,341,3,1,1,0,0,0,1
191,620,2.0,165,530,3,1,1,0,0,0,1
191,909,2.0,165,782,3,1,1,0,0,0,1
192,788,2.0,166,680,1,1,0,0,1,1,0
192,816,4.0,166,704,1,1,0,0,1,1,0
193,744,1.0,167,643,1,0,0,1,0,1,0
194,431,2.0,168,378,3,0,1,0,0,0,1
195,898,4.0,169,772,3,1,0,0,1,1,0
196,551,1.0,170,481,2,1,0,1,0,1,0
197,396,4.0,171,348,2,0,1,0,0,0,1
197,643,1.0,171,553,2,0,1,0,0,0,1
197,728,4.0,171,629,2,0,1,0,0,0,1
198,936,2.0,172,806,4,1,0,0,1,1,0
199,396,3.0,173,348,1,1,0,1,0,1,0
199,717,5.0,173,618,1,1,0,1,0,1,0
200,666,4.0,174,574,2,1,1,0,0,0,1
200,826,3.0,174,713,2,1,1,0,0,0,1
201,774,3.0,175,670,3,1,0,0,1,1,0
201,988,3.0,175,853,3,1,0,0,1,1,0
202,456,2.0,176,397,2,1,0,1,0,1,0
204,205,2.0,177,181,1,1,0,0,1,1,0
205,676,3.0,178,582,3,0,0,1,0,1,0
206,354,2.0,179,307,3,0,1,0,0,0,1
207,542,3.0,180,473,4,1,0,0,1,1,0
207,587,3.0,180,505,4,1,0,0,1,1,0
208,808,3.0,181,697,3,1,0,1,0,1,0
209,269,3.0,182,236,2,1,1,0,0,0,1
209,357,4.0,182,310,2,1,1,0,0,0,1
209,727,1.0,182,628,2,1,1,0,0,0,1
210,301,1.0,183,263,2,1,0,0,1,1,0
211,316,1.0,184,275,4,0,0,1,0,1,0
211,714,3.0,184,616,4,0,0,1,0,1,0
212,42,1.0,185,39,2,0,1,0,0,0,1
212,69,5.0,185,64,2,0,1,0,0,0,1
212,555,5.0,185,484,2,0,1,0,0,0,1
213,230,2.0,186,204,3,1,0,0,1,1,0
213,905,4.0,186,779,3,1,0,0,1,1,0
213,992,1.0,186,857,3,1,0,0,1,1,0
214,417,3.0,187,366,1,1,0,1,0,1,0
215,242,5.0,188,214,1,0,1,0,0,0,1
215,456,4.0,188,397,1,0,1,0,0,0,1
216,112,1.0,189,99,3,0,0,0,1,1,0
216,141,2.0,189,127,3,0,0,0,1,1,0
216,146,3.0,189,131,3,0,0,0,1,1,0
217,174,4.0,190,153,2,1,0,1,0,1,0
217,188,2.0,190,165,2,1,0,1,0,1,0
217,322,5.0,190,280,2,1,0,1,0,1,0
218,258,1.0,191,227,4,0,1,0,0,0,1
218,484,3.0,191,423,4,0,1,0,0,0,1
218,709,5.0,191,613,4,0,1,0,0,0,1
218,742,2.0,191,641,4,0,1,0,0,0,1
220,47,4.0,192,42,2,0,0,1,0,1,0
220,273,5.0,192,240,2,0,0,1,0,1,0
220,606,3.0,192,519,2,0,0,1,0,1,0
220,975,3.0,192,843,2,0,0,1,0,1,0
221,635,3.0,193,545,3,1,1,0,0,0,1
221,999,4.0,193,864,3,1,1,0,0,0,1
222,223,4.0,194,197,2,1,0,0,1,1,0
222,898,1.0,194,772,2,1,0,0,1,1,0
223,898,2.0,195,772,3,0,0,1,0,1,0
224,889,4.0,196,765,4,1,1,0,0,0,1
225,64,5.0,197,59,2,0,0,0,1,1,0
225,94,2.0,197,84,2,0,0,0,1,1,0
225,166,1.0,197,147,2,0,0,0,1,1,0
225,304,4.0,197,266,2,0,0,0,1,1,0
226,263,1.0,198,231,3,0,0,1,0,1,0
226,485,5.0,198,424,3,0,0,1,0,1,0
228,395,1.0,199,347,1,0,0,0,1,1,0
230,374,3.0,200,326,3,0,1,0,0,0,1
230,582,3.0,200,501,3,0,1,0,0,0,1
231,565,5.0,201,489,4,0,0,0,1,1,0
232,86,4.0,202,77,2,1,0,1,0,1,0
233,120,5.0,203,107,2,1,1,0,0,0,1
233,420,1.0,203,368,2,1,1,0,0,0,1
233,701,2.0,203,606,2,1,1,0,0,0,1
234,42,1.0,204,39,1,1,0,0,1,1,0
234,55,5.0,204,50,1,1,0,0,1,1,0
234,199,4.0,204,175,1,1,0,0,1,1,0
234,676,1.0,204,582,1,1,0,0,1,1,0
234,872,2.0,204,752,1,1,0,0,1,1,0
234,884,2.0,204,763,1,1,0,0,1,1,0
234,965,3.0,204,834,1,1,0,0,1,1,0
235,186,2.0,205,164,3,1,0,1,0,1,0
235,281,1.0,205,247,3,1,0,1,0,1,0
237,926,5.0,206,798,2,0,0,0,1,1,0
238,647,5.0,207,556,2,0,0,1,0,1,0
238,872,2.0,207,752,2,0,0,1,0,1,0
239,27,4.0,208,24,2,1,1,0,0,0,1
239,599,1.0,208,513,2,1,1,0,0,0,1
239,690,5.0,208,595,2,1,1,0,0,0,1
240,419,4.0,209,367,3,0,0,0,1,1,0
240,700,1.0,209,605,3,0,0,0,1,1,0
240,722,5.0,209,623,3,0,0,0,1,1,0
240,935,2.0,209,805,3,0,0,0,1,1,0
242,295,3.0,210,259,3,0,1,0,0,0,1
242,451,5.0,210,393,3,0,1,0,0,0,1
242,459,5.0,210,400,3,0,1,0,0,0,1
242,712,2.0,210,615,3,0,1,0,0,0,1
244,276,5.0,211,242,2,1,0,1,0,1,0
244,707,4.0,211,612,2,1,0,1,0,1,0
244,970,2.0,211,839,2,1,0,1,0,1,0
245,132,2.0,212,118,3,1,1,0,0,0,1
245,486,3.0,212,425,3,1,1,0,0,0,1
246,144,2.0,213,129,4,0,0,0,1,1,0
247,291,2.0,214,255,4,0,0,1,0,1,0
247,361,4.0,214,314,4,0,0,1,0,1,0
250,662,3.0,215,570,1,1,0,1,0,1,0
250,753,2.0,215,650,1,1,0,1,0,1,0
251,836,5.0,216,723,4,0,1,0,0,0,1
252,40,3.0,217,37,4,1,0,0,1,1,0
252,122,4.0,217,109,4,1,0,0,1,1,0
252,504,1.0,217,442,4,1,0,0,1,1,0
252,618,3.0,217,528,4,1,0,0,1,1,0
252,630,3.0,217,540,4,1,0,0,1,1,0
252,997,3.0,217,862,4,1,0,0,1,1,0
253,705,4.0,218,610,3,1,0,1,0,1,0
254,301,2.0,219,263,2,0,1,0,0,0,1
255,118,1.0,220,105,3,0,0,0,1,1,0
255,340,4.0,220,294,3,0,0,0,1,1,0
256,242,3.0,221,214,3,1,0,1,0,1,0
256,493,5.0,221,432,3,1,0,1,0,1,0
256,528,5.0,221,462,3,1,0,1,0,1,0
258,217,1.0,222,192,3,1,0,0,1,1,0
258,222,3.0,222,196,3,1,0,0,1,1,0
258,721,1.0,222,622,3,1,0,0,1,1,0
259,123,4.0,223,110,1,1,0,1,0,1,0
259,336,4.0,223,291,1,1,0,1,0,1,0
259,795,2.0,223,685,1,1,0,1,0,1,0
259,879,5.0,223,759,1,1,0,1,0,1,0
260,7,1.0,224,6,1,0,1,0,0,0,1
260,167,5.0,224,148,1,0,1,0,0,0,1
260,208,2.0,224,184,1,0,1,0,0,0,1
260,962,1.0,224,831,1,0,1,0,0,0,1
261,120,1.0,225,107,4,1,0,0,1,1,0
261,220,2.0,225,194,4,1,0,0,1,1,0
261,695,4.0,225,600,4,1,0,0,1,1,0
262,202,2.0,226,178,4,0,0,1,0,1,0
262,386,4.0,226,338,4,0,0,1,0,1,0
263,278,2.0,227,244,2,1,1,0,0,0,1
264,112,1.0,228,99,3,0,0,0,1,1,0
265,731,1.0,229,631,1,1,0,1,0,1,0
265,942,3.0,229,812,1,1,0,1,0,1,0
266,394,3.0,230,346,3,1,1,0,0,0,1
268,136,2.0,231,122,2,0,0,1,0,1,0
268,757,1.0,231,654,2,0,0,1,0,1,0
269,62,3.0,232,57,3,1,1,0,0,0,1
271,767,2.0,233,663,3,1,0,1,0,1,0
272,9,2.0,234,8,2,1,1,0,0,0,1
272,814,1.0,234,702,2,1,1,0,0,0,1
273,91,5.0,235,81,3,1,0,0,1,1,0
273,123,4.0,235,110,3,1,0,0,1,1,0
273,319,3.0,235,278,3,1,0,0,1,1,0
274,302,4.0,236,264,3,1,0,1,0,1,0
274,772,4.0,236,668,3,1,0,1,0,1,0
274,782,2.0,236,676,3,1,0,1,0,1,0
275,403,3.0,237,354,1,0,1,0,0,0,1
276,476,4.0,238,415,3,1,0,0,1,1,0
276,928,1.0,238,800,3,1,0,0,1,1,0
277,15,4.0,239,14,4,1,0,1,0,1,0
277,988,4.0,239,853,4,1,0,1,0,1,0
278,24,2.0,240,22,3,1,1,0,0,0,1
279,494,5.0,241,433,4,1,0,0,1,1,0
280,441,2.0,242,387,2,0,0,1,0,1,0
281,223,4.0,243,197,4,1,1,0,0,0,1
281,228,5.0,243,202,4,1,1,0,0,0,1
281,400,5.0,243,351,4,1,1,0,0,0,1
281,488,4.0,243,427,4,1,1,0,0,0,1
282,119,3.0,244,106,3,1,0,0,1,1,0
283,100,3.0,245,89,2,0,0,1,0,1,0
283,227,5.0,245,201,2,0,0,1,0,1,0
283,351,2.0,245,304,2,0,0,1,0,1,0
283,952,5.0,245,821,2,0,0,1,0,1,0
284,367,5.0,246,320,3,0,1,0,0,0,1
284,911,3.0,246,784,3,0,1,0,0,0,1
284,974,5.0,246,842,3,0,1,0,0,0,1
285,167,2.0,247,148,1,0,0,0,1,1,0
285,592,1.0,247,508,1,0,0,0,1,1,0
286,464,2.0,248,404,4,1,0,1,0,1,0
286,697,2.0,248,602,4,1,0,1,0,1,0
286,968,1.0,248,837,4,1,0,1,0,1,0
287,253,4.0,249,222,3,0,1,0,0,0,1
287,654,4.0,249,563,3,0,1,0,0,0,1
287,998,4.0,249,863,3,0,1,0,0,0,1
288,158,3.0,250,140,2,0,0,0,1,1,0
288,913,5.0,250,786,2,0,0,0,1,1,0
288,958,3.0,250,827,2,0,0,0,1,1,0
289,247,1.0,251,218,3,1,0,1,0,1,0
289,682,5.0,251,587,3,1,0,1,0,1,0
290,133,3.0,252,119,3,0,1,0,0,0,1
290,169,2.0,252,150,3,0,1,0,0,0,1
290,619,2.0,252,529,3,0,1,0,0,0,1
290,682,1.0,252,587,3,0,1,0,0,0,1
291,675,1.0,253,581,3,1,0,0,1,1,0
291,714,4.0,253,616,3,1,0,0,1,1,0
291,732,3.0,253,632,3,1,0,0,1,1,0
292,511,5.0,254,447,4,1,0,1,0,1,0
292,775,2.0,254,671,4,1,0,1,0,1,0
293,204,3.0,255,180,1,0,1,0,0,0,1
293,339,4.0,255,293,1,0,1,0,0,0,1
294,220,3.0,256,194,2,1,0,0,1,1,0
295,547,2.0,257,478,1,1,0,1,0,1,0
295,902,2.0,257,776,1,1,0,1,0,1,0
295,916,1.0,257,789,1,1,0,1,0,1,0
296,348,5.0,258,301,1,1,1,0,0,0,1
297,170,4.0,259,151,2,1,0,0,1,1,0
297,659,2.0,259,567,2,1,0,0,1,1,0
297,821,2.0,259,709,2,1,0,0,1,1,0
298,134,1.0,260,120,3,0,0,1,0,1,0
298,797,4.0,260,687,3,0,0,1,0,1,0
298,901,2.0,260,775,3,0,0,1,0,1,0
299,25,2.0,261,23,3,0,1,0,0,0,1
299,662,4.0,261,570,3,0,1,0,0,0,1
299,803,4.0,261,692,3,0,1,0,0,0,1
300,194,1.0,262,171,3,0,0,0,1,1,0
301,543,4.0,263,474,4,0,0,1,0,1,0
302,49,1.0,264,44,3,1,1,0,0,0,1
302,274,2.0,264,241,3,1,1,0,0,0,1
303,128,2.0,265,114,4,0,0,0,1,1,0
303,419,2.0,265,367,4,0,0,0,1,1,0
303,618,1.0,265,528,4,0,0,0,1,1,0
303,849,1.0,265,734,4,0,0,0,1,1,0
305,457,5.0,266,398,1,0,1,0,0,0,1
305,806,1.0,266,695,1,0,1,0,0,0,1
306,102,3.0,267,91,3,0,0,0,1,1,0
306,223,3.0,267,197,3,0,0,0,1,1,0
306,794,5.0,267,684,3,0,0,0,1,1,0
307,9,4.0,268,8,3,0,0,1,0,1,0
307,769,5.0,268,665,3,0,0,1,0,1,0
307,943,4.0,268,813,3,0,0,1,0,1,0
308,185,3.0,269,163,4,0,1,0,0,0,1
308,826,3.0,269,713,4,0,1,0,0,0,1
310,344,1.0,270,297,2,1,0,1,0,1,0
310,948,1.0,270,817,2,1,0,1,0,1,0
311,510,1.0,271,446,2,0,1,0,0,0,1
311,965,5.0,271,834,2,0,1,0,0,0,1
314,388,2.0,272,340,3,0,1,0,0,0,1
314,451,3.0,272,393,3,0,1,0,0,0,1
314,774,3.0,272,670,3,0,1,0,0,0,1
315,223,1.0,273,197,2,1,0,0,1,1,0
315,362,1.0,273,315,2,1,0,0,1,1,0
315,463,1.0,273,403,2,1,0,0,1,1,0
315,496,2.0,273,435,2,1,0,0,1,1,0
316,22,5.0,274,20,2,0,0,1,0,1,0
316,693,2.0,274,598,2,0,0,1,0,1,0
316,975,3.0,274,843,2,0,0,1,0,1,0
318,44,2.0,275,40,2,0,0,0,1,1,0
318,191,2.0,275,168,2,0,0,0,1,1,0
318,372,3.0,275,324,2,0,0,0,1,1,0
319,784,4.0,276,677,3,0,0,1,0,1,0
319,998,4.0,276,863,3,0,0,1,0,1,0
320,168,1.0,277,149,2,0,1,0,0,0,1
320,220,4.0,277,194,2,0,1,0,0,0,1
320,384,3.0,277,336,2,0,1,0,0,0,1
321,229,5.0,278,203,4,0,0,0,1,1,0
321,598,5.0,278,512,4,0,0,0,1,1,0
321,665,5.0,278,573,4,0,0,0,1,1,0
321,805,4.0,278,694,4,0,0,0,1,1,0
322,8,3.0,279,7,2,0,0,1,0,1,0
322,56,3.0,279,51,2,0,0,1,0,1,0
322,424,3.0,279,372,2,0,0,1,0,1,0
322,586,1.0,279,504,2,0,0,1,0,1,0
322,618,5.0,279,528,2,0,0,1,0,1,0
323,501,1.0,280,439,3,1,1,0,0,0,1
323,922,2.0,280,795,3,1,1,0,0,0,1
324,38,5.0,281,35,2,1,0,0,1,1,0
324,95,5.0,281,85,2,1,0,0,1,1,0
324,391,3.0,281,343,2,1,0,0,1,1,0
325,484,1.0,282,423,3,1,0,1,0,1,0
325,525,4.0,282,459,3,1,0,1,0,1,0
325,756,4.0,282,653,3,1,0,1,0,1,0
326,492,3.0,283,431,1,0,1,0,0,0,1
326,880,1.0,283,760,1,0,1,0,0,0,1
326,986,2.0,283,851,1,0,1,0,0,0,1
327,106,2.0,284,94,2,0,0,0,1,1,0
327,175,3.0,284,154,2,0,0,0,1,1,0
327,178,2.0,284,157,2,0,0,0,1,1,0
328,292,1.0,285,256,2,0,0,1,0,1,0
328,303,4.0,285,265,2,0,0,1,0,1,0
328,477,1.0,285,416,2,0,0,1,0,1,0
328,653,5.0,285,562,2,0,0,1,0,1,0
328,741,4.0,285,640,2,0,0,1,0,1,0
329,324,3.0,286,282,4,1,1,0,0,0,1
329,657,2.0,286,566,4,1,1,0,0,0,1
330,20,2.0,287,18,3,0,0,0,1,1,0
330,208,3.0,287,184,3,0,0,0,1,1,0
330,641,1.0,287,551,3,0,0,0,1,1,0
330,698,2.0,287,603,3,0,0,0,1,1,0
331,703,5.0,288,608,3,1,0,1,0,1,0
331,723,2.0,288,624,3,1,0,1,0,1,0
332,515,4.0,289,451,3,0,1,0,0,0,1
332,583,1.0,289,502,3,0,1,0,0,0,1
333,685,5.0,290,590,2,0,0,0,1,1,0
333,886,5.0,290,764,2,0,0,0,1,1,0
334,239,5.0,291,211,3,1,0,1,0,1,0
334,838,2.0,291,725,3,1,0,1,0,1,0
335,6,2.0,292,5,4,0,1,0,0,0,1
335,520,4.0,292,456,4,0,1,0,0,0,1
335,785,4.0,292,678,4,0,1,0,0,0,1
336,347,2.0,293,300,3,1,0,0,1,1,0
336,518,4.0,293,454,3,1,0,0,1,1,0
336,986,1.0,293,851,3,1,0,0,1,1,0
338,426,2.0,294,374,3,1,1,0,0,0,1
338,436,5.0,294,383,3,1,1,0,0,0,1
338,537,1.0,294,469,3,1,1,0,0,0,1
340,55,5.0,295,50,1,0,0,1,0,1,0
340,590,4.0,295,507,1,0,0,1,0,1,0
340,645,2.0,295,554,1,0,0,1,0,1,0
340,907,3.0,295,780,1,0,0,1,0,1,0
341,499,1.0,296,437,2,1,1,0,0,0,1
341,613,4.0,296,525,2,1,1,0,0,0,1
342,105,3.0,297,93,1,1,0,0,1,1,0
343,80,3.0,298,71,3,0,0,1,0,1,0
343,258,1.0,298,227,3,0,0,1,0,1,0
343,424,5.0,298,372,3,0,0,1,0,1,0
343,478,3.0,298,417,3,0,0,1,0,1,0
344,565,4.0,299,489,3,1,1,0,0,0,1
344,859,2.0,299,741,3,1,1,0,0,0,1
344,865,5.0,299,745,3,1,1,0,0,0,1
345,84,4.0,300,75,1,1,0,0,1,1,0
346,113,2.0,301,100,4,1,0,1,0,1,0
346,128,4.0,301,114,4,1,0,1,0,1,0
346,231,5.0,301,205,4,1,0,1,0,1,0
347,622,3.0,302,532,1,0,1,0,0,0,1
348,2,4.0,303,1,1,0,0,0,1,1,0
348,414,1.0,303,363,1,0,0,0,1,1,0
349,53,1.0,304,48,3,0,0,1,0,1,0
350,300,1.0,305,262,3,1,1,0,0,0,1
351,211,1.0,306,187,4,1,0,0,1,1,0
351,636,1.0,306,546,4,1,0,0,1,1,0
351,866,1.0,306,746,4,1,0,0,1,1,0
352,149,5.0,307,133,1,0,0,1,0,1,0
352,261,2.0,307,229,1,0,0,1,0,1,0
352,643,1.0,307,553,1,0,0,1,0,1,0
352,677,3.0,307,583,1,0,0,1,0,1,0
353,894,5.0,308,770,2,0,1,0,0,0,1
353,989,2.0,308,854,2,0,1,0,0,0,1
354,401,3.0,309,352,3,0,0,0,1,1,0
356,160,1.0,310,142,2,1,1,0,0,0,1
356,436,2.0,310,383,2,1,1,0,0,0,1
356,993,2.0,310,858,2,1,1,0,0,0,1
358,48,1.0,311,43,2,0,0,1,0,1,0
359,353,4.0,312,306,3,1,1,0,0,0,1
359,507,3.0,312,444,3,1,1,0,0,0,1
359,678,2.0,312,584,3,1,1,0,0,0,1
359,810,3.0,312,698,3,1,1,0,0,0,1
359,864,4.0,312,744,3,1,1,0,0,0,1
360,323,5.0,313,281,4,0,0,0,1,1,0
360,555,2.0,313,484,4,0,0,0,1,1,0
363,152,2.0,314,136,1,0,0,0,1,1,0
363,486,5.0,314,425,1,0,0,0,1,1,0
363,776,1.0,314,672,1,0,0,0,1,1,0
364,108,5.0,315,96,4,0,0,1,0,1,0
364,262,4.0,315,230,4,0,0,1,0,1,0
364,436,5.0,315,383,4,0,0,1,0,1,0
364,750,5.0,315,648,4,0,0,1,0,1,0
364,784,4.0,315,677,4,0,0,1,0,1,0
365,516,4.0,316,452,2,1,1,0,0,0,1
365,872,3.0,316,752,2,1,1,0,0,0,1
365,1000,5.0,316,865,2,1,1,0,0,0,1
366,416,1.0,317,365,3,0,0,0,1,1,0
366,624,2.0,317,534,3,0,0,0,1,1,0
367,126,4.0,318,112,1,0,0,1,0,1,0
367,408,3.0,318,357,1,0,0,1,0,1,0
367,608,3.0,318,520,1,0,0,1,0,1,0
367,660,5.0,318,568,1,0,0,1,0,1,0
367,912,4.0,318,785,1,0,0,1,0,1,0
368,263,3.0,319,231,1,1,1,0,0,0,1
368,290,5.0,319,254,1,1,1,0,0,0,1
368,696,3.0,319,601,1,1,1,0,0,0,1
369,942,2.0,320,812,3,1,0,0,1,1,0
371,846,5.0,321,731,2,1,1,0,0,0,1
372,472,2.0,322,411,3,0,0,0,1,1,0
373,177,2.0,323,156,4,1,0,1,0,1,0
373,548,4.0,323,479,4,1,0,1,0,1,0
373,865,1.0,323,745,4,1,0,1,0,1,0
373,867,5.0,323,747,4,1,0,1,0,1,0
374,633,2.0,324,543,2,0,1,0,0,0,1
376,408,2.0,325,357,2,0,0,1,0,1,0
377,174,1.0,326,153,2,0,1,0,0,0,1
377,595,2.0,326,509,2,0,1,0,0,0,1
377,835,2.0,326,722,2,0,1,0,0,0,1
378,398,2.0,327,349,3,0,0,0,1,1,0
378,479,2.0,327,418,3,0,0,0,1,1,0
378,881,3.0,327,761,3,0,0,0,1,1,0
379,786,2.0,328,679,3,0,0,1,0,1,0
379,800,3.0,328,689,3,0,0,1,0,1,0
380,662,3.0,329,570,2,1,1,0,0,0,1
381,432,5.0,330,379,2,0,0,0,1,1,0
381,879,3.0,330,759,2,0,0,0,1,1,0
382,236,3.0,331,208,2,0,0,1,0,1,0
383,749,4.0,332,647,4,0,1,0,0,0,1
384,383,3.0,333,335,3,1,0,0,1,1,0
385,130,2.0,334,116,4,0,0,1,0,1,0
385,398,1.0,334,349,4,0,0,1,0,1,0
385,712,3.0,334,615,4,0,0,1,0,1,0
386,253,4.0,335,222,2,1,1,0,0,0,1
386,290,4.0,335,254,2,1,1,0,0,0,1
386,348,4.0,335,301,2,1,1,0,0,0,1
386,780,5.0,335,675,2,1,1,0,0,0,1
387,361,2.0,336,314,1,1,0,0,1,1,0
388,611,4.0,337,523,2,1,0,1,0,1,0
388,852,4.0,337,737,2,1,0,1,0,1,0
389,32,5.0,338,29,2,0,1,0,0,0,1
390,59,4.0,339,54,3,1,0,0,1,1,0
390,381,5.0,339,333,3,1,0,0,1,1,0
391,541,3.0,340,472,2,0,0,1,0,1,0
391,762,4.0,340,658,2,0,0,1,0,1,0
392,491,4.0,341,430,4,1,1,0,0,0,1
393,374,5.0,342,326,3,0,0,0,1,1,0
394,185,3.0,343,163,4,0,0,1,0,1,0
394,201,1.0,343,177,4,0,0,1,0,1,0
394,886,1.0,343,764,4,0,0,1,0,1,0
397,85,3.0,344,76,2,0,0,1,0,1,0
397,648,4.0,344,557,2,0,0,1,0,1,0
397,864,4.0,344,744,2,0,0,1,0,1,0
397,867,4.0,344,747,2,0,0,1,0,1,0
398,692,2.0,345,597,2,0,1,0,0,0,1
398,732,4.0,345,632,2,0,1,0,0,0,1
398,975,1.0,345,843,2,0,1,0,0,0,1
399,405,3.0,346,356,2,1,0,0,1,1,0
399,587,2.0,346,505,2,1,0,0,1,1,0
399,663,2.0,346,571,2,1,0,0,1,1,0
399,793,4.0,346,683,2,1,0,0,1,1,0
399,953,2.0,346,822,2,1,0,0,1,1,0
400,134,1.0,347,120,3,0,0,1,0,1,0
400,487,1.0,347,426,3,0,0,1,0,1,0
401,435,1.0,348,382,2,1,1,0,0,0,1
401,959,5.0,348,828,2,1,1,0,0,0,1
402,12,2.0,349,11,2,1,0,0,1,1,0
402,417,1.0,349,366,2,1,0,0,1,1,0
402,613,2.0,349,525,2,1,0,0,1,1,0
403,75,5.0,350,67,2,1,0,1,0,1,0
403,132,2.0,350,118,2,1,0,1,0,1,0
404,667,4.0,351,575,3,1,1,0,0,0,1
404,952,3.0,351,821,3,1,1,0,0,0,1
407,35,2.0,352,32,3,0,1,0,0,0,1
408,403,2.0,353,354,2,1,0,0,1,1,0
408,473,4.0,353,412,2,1,0,0,1,1,0
408,914,2.0,353,787,2,1,0,0,1,1,0
409,544,3.0,354,475,4,1,0,1,0,1,0
410,46,4.0,355,41,1,1,1,0,0,0,1
410,549,3.0,355,480,1,1,1,0,0,0,1
411,724,5.0,356,625,4,1,0,0,1,1,0
411,975,1.0,356,843,4,1,0,0,1,1,0
413,984,1.0,357,849,4,0,1,0,0,0,1
414,692,5.0,358,597,3,0,0,0,1,1,0
415,216,4.0,359,191,3,1,0,1,0,1,0
415,486,5.0,359,425,3,1,0,1,0,1,0
416,274,3.0,360,241,2,0,1,0,0,0,1
418,31,3.0,361,28,3,0,0,1,0,1,0
418,373,4.0,361,325,3,0,0,1,0,1,0
418,587,1.0,361,505,3,0,0,1,0,1,0
418,609,2.0,361,521,3,0,0,1,0,1,0
418,795,2.0,361,685,3,0,0,1,0,1,0
419,192,4.0,362,169,3,1,1,0,0,0,1
419,578,1.0,362,498,3,1,1,0,0,0,1
419,598,4.0,362,512,3,1,1,0,0,0,1
421,410,3.0,363,359,3,0,0,1,0,1,0
421,960,4.0,363,829,3,0,0,1,0,1,0
422,986,2.0,364,851,1,0,1,0,0,0,1
423,619,4.0,365,529,3,1,0,0,1,1,0
423,901,5.0,365,775,3,1,0,0,1,1,0
423,976,1.0,365,844,3,1,0,0,1,1,0
424,75,1.0,366,67,1,0,0,1,0,1,0
424,211,5.0,366,187,1,0,0,1,0,1,0
424,893,2.0,366,769,1,0,0,1,0,1,0
426,681,2.0,367,586,2,0,0,0,1,1,0
426,966,2.0,367,835,2,0,0,0,1,1,0
427,389,3.0,368,341,1,0,0,1,0,1,0
427,999,2.0,368,864,1,0,0,1,0,1,0
428,121,1.0,369,108,3,0,1,0,0,0,1
429,424,2.0,370,372,1,0,0,0,1,1,0
429,752,4.0,370,649,1,0,0,0,1,1,0
430,164,3.0,371,145,2,1,0,1,0,1,0
431,97,4.0,372,87,2,1,1,0,0,0,1
431,414,3.0,372,363,2,1,1,0,0,0,1
431,621,4.0,372,531,2,1,1,0,0,0,1
433,156,1.0,373,139,3,0,0,1,0,1,0
433,437,1.0,373,384,3,0,0,1,0,1,0
433,625,4.0,373,535,3,0,0,1,0,1,0
434,396,1.0,374,348,4,0,1,0,0,0,1
434,725,3.0,374,626,4,0,1,0,0,0,1
434,792,1.0,374,682,4,0,1,0,0,0,1
435,417,4.0,375,366,3,1,0,0,1,1,0
436,425,1.0,376,373,3,0,0,1,0,1,0
436,848,5.0,376,733,3,0,0,1,0,1,0
437,203,2.0,377,179,3,1,1,0,0,0,1
437,632,2.0,377,542,3,1,1,0,0,0,1
437,868,3.0,377,748,3,1,1,0,0,0,1
438,880,1.0,378,760,2,0,0,0,1,1,0
439,127,3.0,379,113,2,1,0,1,0,1,0
441,65,2.0,380,60,2,0,0,0,1,1,0
442,433,3.0,381,380,1,0,0,1,0,1,0
442,827,2.0,381,714,1,0,0,1,0,1,0
442,983,1.0,381,848,1,0,0,1,0,1,0
443,67,2.0,382,62,3,1,1,0,0,0,1
443,391,5.0,382,343,3,1,1,0,0,0,1
444,327,2.0,383,284,1,0,0,0,1,1,0
444,704,1.0,383,609,1,0,0,0,1,1,0
445,556,1.0,384,485,3,0,0,1,0,1,0
445,633,2.0,384,543,3,0,0,1,0,1,0
446,105,3.0,385,93,4,0,1,0,0,0,1
446,115,4.0,385,102,4,0,1,0,0,0,1
446,626,1.0,385,536,4,0,1,0,0,0,1
446,946,2.0,385,816,4,0,1,0,0,0,1
446,969,4.0,385,838,4,0,1,0,0,0,1
447,95,1.0,386,85,4,1,0,0,1,1,0
447,107,3.0,386,95,4,1,0,0,1,1,0
447,806,4.0,386,695,4,1,0,0,1,1,0
448,287,2.0,387,251,1,1,0,1,0,1,0
448,500,4.0,387,438,1,1,0,1,0,1,0
449,375,3.0,388,327,3,1,1,0,0,0,1
449,698,4.0,388,603,3,1,1,0,0,0,1
450,419,5.0,389,367,3,0,0,0,1,1,0
451,510,3.0,390,446,2,1,0,1,0,1,0
451,786,2.0,390,679,2,1,0,1,0,1,0
451,937,2.0,390,807,2,1,0,1,0,1,0
452,160,2.0,391,142,3,1,1,0,0,0,1
452,261,3.0,391,229,3,1,1,0,0,0,1
452,514,1.0,391,450,3,1,1,0,0,0,1
452,991,1.0,391,856,3,1,1,0,0,0,1
454,103,3.0,392,92,2,1,0,1,0,1,0
454,348,5.0,392,301,2,1,0,1,0,1,0
454,457,2.0,392,398,2,1,0,1,0,1,0
454,674,5.0,392,580,2,1,0,1,0,1,0
454,676,2.0,392,582,2,1,0,1,0,1,0
454,890,5.0,392,766,2,1,0,1,0,1,0
454,935,1.0,392,805,2,1,0,1,0,1,0
458,118,4.0,393,105,3,1,1,0,0,0,1
458,377,2.0,393,329,3,1,1,0,0,0,1
459,380,1.0,394,332,1,0,0,0,1,1,0
459,967,2.0,394,836,1,0,0,0,1,1,0
460,350,4.0,395,303,3,1,0,1,0,1,0
461,193,5.0,396,170,1,0,1,0,0,0,1
461,329,1.0,396,285,1,0,1,0,0,0,1
461,788,4.0,396,680,1,0,1,0,0,0,1
461,823,2.0,396,710,1,0,1,0,0,0,1
461,942,5.0,396,812,1,0,1,0,0,0,1
462,218,2.0,397,193,2,1,0,0,1,1,0
462,699,4.0,397,604,2,1,0,0,1,1,0
463,10,5.0,398,9,3,1,0,1,0,1,0
463,204,1.0,398,180,3,1,0,1,0,1,0
463,876,1.0,398,756,3,1,0,1,0,1,0
464,141,1.0,399,127,2,0,1,0,0,0,1
464,240,1.0,399,212,2,0,1,0,0,0,1
465,445,1.0,400,390,2,1,0,0,1,1,0
465,511,2.0,400,447,2,1,0,0,1,1,0
466,39,4.0,401,36,3,0,0,1,0,1,0
466,277,1.0,401,243,3,0,0,1,0,1,0
466,730,5.0,401,630,3,0,0,1,0,1,0
467,114,2.0,402,101,4,1,1,0,0,0,1
468,11,4.0,403,10,1,1,0,0,1,1,0
468,67,3.0,403,62,1,1,0,0,1,1,0
468,80,1.0,403,71,1,1,0,0,1,1,0
468,159,5.0,403,141,1,1,0,0,1,1,0
469,343,4.0,404,296,2,1,0,1,0,1,0
469,715,3.0,404,617,2,1,0,1,0,1,0
470,102,2.0,405,91,3,1,1,0,0,0,1
470,660,1.0,405,568,3,1,1,0,0,0,1
471,168,1.0,406,149,1,1,0,0,1,1,0
471,295,4.0,406,259,1,1,0,0,1,1,0
472,166,2.0,407,147,4,0,0,1,0,1,0
472,600,2.0,407,514,4,0,0,1,0,1,0
473,443,5.0,408,389,4,1,1,0,0,0,1
473,718,5.0,408,619,4,1,1,0,0,0,1
473,815,4.0,408,703,4,1,1,0,0,0,1
474,24,5.0,409,22,4,1,0,0,1,1,0
474,273,4.0,409,240,4,1,0,0,1,1,0
474,632,3.0,409,542,4,1,0,0,1,1,0
474,715,2.0,409,617,4,1,0,0,1,1,0
474,899,1.0,409,773,4,1,0,0,1,1,0
474,995,2.0,409,860,4,1,0,0,1,1,0
475,34,5.0,410,31,2,1,0,1,0,1,0
475,821,5.0,410,709,2,1,0,1,0,1,0
475,867,4.0,410,747,2,1,0,1,0,1,0
475,960,3.0,410,829,2,1,0,1,0,1,0
476,114,1.0,411,101,1,0,1,0,0,0,1
476,359,4.0,411,312,1,0,1,0,0,0,1
476,987,3.0,411,852,1,0,1,0,0,0,1
477,999,2.0,412,864,2,0,0,0,1,1,0
478,493,4.0,413,432,2,1,0,1,0,1,0
478,539,2.0,413,471,2,1,0,1,0,1,0
478,884,4.0,413,763,2,1,0,1,0,1,0
479,1,1.0,414,0,2,1,1,0,0,0,1
479,378,4.0,414,330,2,1,1,0,0,0,1
480,152,2.0,415,136,2,0,0,0,1,1,0
480,389,1.0,415,341,2,0,0,0,1,1,0
480,490,2.0,415,429,2,0,0,0,1,1,0
480,520,5.0,415,456,2,0,0,0,1,1,0
480,805,4.0,415,694,2,0,0,0,1,1,0
481,523,1.0,416,457,1,0,0,1,0,1,0
482,265,3.0,417,233,2,0,1,0,0,0,1
483,66,1.0,418,61,2,0,0,0,1,1,0
484,617,4.0,419,527,2,0,0,1,0,1,0
484,850,1.0,419,735,2,0,0,1,0,1,0
484,915,3.0,419,788,2,0,0,1,0,1,0
485,315,5.0,420,274,1,0,1,0,0,0,1
485,779,2.0,420,674,1,0,1,0,0,0,1
488,523,1.0,421,457,1,0,1,0,0,0,1
488,532,2.0,421,466,1,0,1,0,0,0,1
489,628,5.0,422,538,3,1,0,0,1,1,0
489,733,2.0,422,633,3,1,0,0,1,1,0
490,4,1.0,423,3,3,0,0,1,0,1,0
490,356,2.0,423,309,3,0,0,1,0,1,0
492,827,1.0,424,714,4,0,0,0,1,1,0
493,567,4.0,425,491,2,1,0,1,0,1,0
493,647,4.0,425,556,2,1,0,1,0,1,0
493,810,5.0,425,698,2,1,0,1,0,1,0
493,879,4.0,425,759,2,1,0,1,0,1,0
494,51,1.0,426,46,3,0,1,0,0,0,1
494,469,4.0,426,408,3,0,1,0,0,0,1
494,546,3.0,426,477,3,0,1,0,0,0,1
494,565,4.0,426,489,3,0,1,0,0,0,1
494,806,5.0,426,695,3,0,1,0,0,0,1
495,848,1.0,427,733,2,0,0,0,1,1,0
496,333,1.0,428,288,2,1,0,1,0,1,0
496,346,3.0,428,299,2,1,0,1,0,1,0
497,103,1.0,429,92,3,1,1,0,0,0,1
497,369,2.0,429,322,3,1,1,0,0,0,1
497,711,4.0,429,614,3,1,1,0,0,0,1
498,80,5.0,430,71,1,1,0,0,1,1,0
498,507,3.0,430,444,1,1,0,0,1,1,0
498,913,1.0,430,786,1,1,0,0,1,1,0
499,171,3.0,431,152,2,1,0,1,0,1,0
499,204,2.0,431,180,2,1,0,1,0,1,0
499,830,3.0,431,717,2,1,0,1,0,1,0
500,482,5.0,432,421,2,0,1,0,0,0,1
501,200,1.0,433,176,2,1,0,0,1,1,0
501,399,5.0,433,350,2,1,0,0,1,1,0
502,650,3.0,434,559,2,0,0,1,0,1,0
502,978,1.0,434,846,2,0,0,1,0,1,0
503,139,4.0,435,125,3,1,1,0,0,0,1
503,855,2.0,435,739,3,1,1,0,0,0,1
503,863,2.0,435,743,3,1,1,0,0,0,1
503,926,5.0,435,798,3,1,1,0,0,0,1
505,375,1.0,436,327,3,0,0,1,0,1,0
505,611,3.0,436,523,3,0,0,1,0,1,0
506,764,4.0,437,660,3,0,1,0,0,0,1
506,950,3.0,437,819,3,0,1,0,0,0,1
507,7,2.0,438,6,4,0,0,0,1,1,0
508,527,2.0,439,461,2,0,0,1,0,1,0
508,975,1.0,439,843,2,0,0,1,0,1,0
509,9,3.0,440,8,1,1,1,0,0,0,1
509,826,4.0,440,713,1,1,1,0,0,0,1
509,849,1.0,440,734,1,1,1,0,0,0,1
510,717,5.0,441,618,2,0,0,0,1,1,0
511,19,2.0,442,17,3,1,0,1,0,1,0
512,495,2.0,443,434,2,1,1,0,0,0,1
513,564,1.0,444,488,3,1,0,0,1,1,0
513,724,5.0,444,625,3,1,0,0,1,1,0
516,814,1.0,445,702,2,1,0,0,1,1,0
516,905,4.0,445,779,2,1,0,0,1,1,0
516,921,5.0,445,794,2,1,0,0,1,1,0
517,785,4.0,446,678,1,1,0,1,0,1,0
518,4,3.0,447,3,4,0,1,0,0,0,1
518,170,2.0,447,151,4,0,1,0,0,0,1
518,251,2.0,447,221,4,0,1,0,0,0,1
520,389,4.0,448,341,2,0,0,1,0,1,0
520,851,3.0,448,736,2,0,0,1,0,1,0
521,527,1.0,449,461,3,1,1,0,0,0,1
521,853,1.0,449,738,3,1,1,0,0,0,1
521,949,5.0,449,818,3,1,1,0,0,0,1
522,97,2.0,450,87,2,0,0,0,1,1,0
522,194,3.0,450,171,2,0,0,0,1,1,0
523,731,5.0,451,631,3,1,0,1,0,1,0
523,819,3.0,451,707,3,1,0,1,0,1,0
524,358,1.0,452,311,4,0,1,0,0,0,1
524,448,5.0,452,392,4,0,1,0,0,0,1
524,476,5.0,452,415,4,0,1,0,0,0,1
524,576,5.0,452,497,4,0,1,0,0,0,1
525,760,3.0,453,656,4,0,0,0,1,1,0
526,20,3.0,454,18,1,1,0,1,0,1,0
526,170,3.0,454,151,1,1,0,1,0,1,0
527,352,1.0,455,305,3,1,1,0,0,0,1
527,793,2.0,455,683,3,1,1,0,0,0,1
528,2,3.0,456,1,3,0,0,0,1,1,0
528,619,2.0,456,529,3,0,0,0,1,1,0
528,824,1.0,456,711,3,0,0,0,1,1,0
528,872,4.0,456,752,3,0,0,0,1,1,0
529,857,4.0,457,740,1,0,0,1,0,1,0
530,90,4.0,458,80,2,0,1,0,0,0,1
530,431,4.0,458,378,2,0,1,0,0,0,1
530,677,4.0,458,583,2,0,1,0,0,0,1
531,367,4.0,459,320,2,0,0,0,1,1,0
531,983,3.0,459,848,2,0,0,0,1,1,0
532,532,1.0,460,466,3,0,0,1,0,1,0
533,237,3.0,461,209,2,0,1,0,0,0,1
533,559,3.0,461,486,2,0,1,0,0,0,1
534,113,3.0,462,100,2,0,0,0,1,1,0
534,361,2.0,462,314,2,0,0,0,1,1,0
535,268,1.0,463,235,3,0,0,1,0,1,0
535,317,4.0,463,276,3,0,0,1,0,1,0
535,763,4.0,463,659,3,0,0,1,0,1,0
537,287,1.0,464,251,2,1,0,0,1,1,0
537,562,2.0,464,487,2,1,0,0,1,1,0
537,612,2.0,464,524,2,1,0,0,1,1,0
537,795,4.0,464,685,2,1,0,0,1,1,0
537,804,5.0,464,693,2,1,0,0,1,1,0
538,30,5.0,465,27,3,0,0,1,0,1,0
538,207,3.0,465,183,3,0,0,1,0,1,0
538,234,1.0,465,206,3,0,0,1,0,1,0
538,377,1.0,465,329,3,0,0,1,0,1,0
538,837,1.0,465,724,3,0,0,1,0,1,0
539,57,1.0,466,52,3,1,1,0,0,0,1
539,282,4.0,466,248,3,1,1,0,0,0,1
539,684,1.0,466,589,3,1,1,0,0,0,1
540,193,5.0,467,170,4,0,0,0,1,1,0
541,261,1.0,468,229,2,0,0,1,0,1,0
542,405,1.0,469,356,3,0,1,0,0,0,1
544,121,5.0,470,108,2,0,0,1,0,1,0
544,180,5.0,470,159,2,0,0,1,0,1,0
544,472,4.0,470,411,2,0,0,1,0,1,0
544,763,5.0,470,659,2,0,0,1,0,1,0
546,409,4.0,471,358,1,0,0,0,1,1,0
546,586,4.0,471,504,1,0,0,0,1,1,0
548,115,1.0,472,102,1,1,1,0,0,0,1
548,140,4.0,472,126,1,1,1,0,0,0,1
548,880,4.0,472,760,1,1,1,0,0,0,1
550,33,2.0,473,30,1,1,0,1,0,1,0
550,113,3.0,473,100,1,1,0,1,0,1,0
551,123,1.0,474,110,4,1,1,0,0,0,1
551,204,3.0,474,180,4,1,1,0,0,0,1
551,944,1.0,474,814,4,1,1,0,0,0,1
552,64,1.0,475,59,3,0,0,0,1,1,0
552,833,3.0,475,720,3,0,0,0,1,1,0
552,851,4.0,475,736,3,0,0,0,1,1,0
554,13,3.0,476,12,3,0,1,0,0,0,1
554,33,2.0,476,30,3,0,1,0,0,0,1
554,416,5.0,476,365,3,0,1,0,0,0,1
554,529,4.0,476,463,3,0,1,0,0,0,1
554,640,5.0,476,550,3,0,1,0,0,0,1
554,933,1.0,476,804,3,0,1,0,0,0,1
555,972,4.0,477,841,3,0,0,0,1,1,0
556,244,4.0,478,216,1,1,0,1,0,1,0
556,387,2.0,478,339,1,1,0,1,0,1,0
556,555,5.0,478,484,1,1,0,1,0,1,0
558,2,2.0,479,1,2,1,0,0,1,1,0
558,837,5.0,479,724,2,1,0,0,1,1,0
560,38,1.0,480,35,2,0,1,0,0,0,1
560,349,4.0,480,302,2,0,1,0,0,0,1
560,390,2.0,480,342,2,0,1,0,0,0,1
560,657,3.0,480,566,2,0,1,0,0,0,1
560,850,3.0,480,735,2,0,1,0,0,0,1
561,488,3.0,481,427,3,1,0,0,1,1,0
563,282,2.0,482,248,4,1,1,0,0,0,1
563,403,3.0,482,354,4,1,1,0,0,0,1
563,961,3.0,482,830,4,1,1,0,0,0,1
564,188,3.0,483,165,2,1,0,0,1,1,0
564,237,3.0,483,209,2,1,0,0,1,1,0
564,348,2.0,483,301,2,1,0,0,1,1,0
565,106,5.0,484,94,3,1,0,1,0,1,0
565,195,4.0,484,172,3,1,0,1,0,1,0
565,988,1.0,484,853,3,1,0,1,0,1,0
567,176,4.0,485,155,3,0,0,0,1,1,0
567,899,5.0,485,773,3,0,0,0,1,1,0
567,996,5.0,485,861,3,0,0,0,1,1,0
568,277,5.0,486,243,2,0,0,1,0,1,0
568,805,5.0,486,694,2,0,0,1,0,1,0
568,960,4.0,486,829,2,0,0,1,0,1,0
569,351,1.0,487,304,4,0,1,0,0,0,1
569,451,2.0,487,393,4,0,1,0,0,0,1
569,961,2.0,487,830,4,0,1,0,0,0,1
570,408,4.0,488,357,4,0,0,0,1,1,0
571,412,4.0,489,361,2,0,0,1,0,1,0
572,413,5.0,490,362,4,0,1,0,0,0,1
572,517,3.0,490,453,4,0,1,0,0,0,1
572,685,3.0,490,590,4,0,1,0,0,0,1
572,699,4.0,490,604,4,0,1,0,0,0,1
573,227,2.0,491,201,2,1,0,0,1,1,0
574,326,2.0,492,283,3,1,0,1,0,1,0
574,614,5.0,492,526,3,1,0,1,0,1,0
575,146,5.0,493,131,3,1,1,0,0,0,1
575,311,2.0,493,272,3,1,1,0,0,0,1
575,957,5.0,493,826,3,1,1,0,0,0,1
576,578,5.0,494,498,2,0,0,0,1,1,0
576,731,3.0,494,631,2,0,0,0,1,1,0
576,961,5.0,494,830,2,0,0,0,1,1,0
577,820,4.0,495,708,3,0,0,1,0,1,0
578,91,4.0,496,81,3,0,1,0,0,0,1
578,205,1.0,496,181,3,0,1,0,0,0,1
578,761,1.0,496,657,3,0,1,0,0,0,1
579,161,2.0,497,143,3,1,0,0,1,1,0
579,211,4.0,497,187,3,1,0,0,1,1,0
579,378,5.0,497,330,3,1,0,0,1,1,0
579,640,5.0,497,550,3,1,0,0,1,1,0
579,645,4.0,497,554,3,1,0,0,1,1,0
579,918,2.0,497,791,3,1,0,0,1,1,0
580,217,4.0,498,192,1,0,0,1,0,1,0
580,693,3.0,498,598,1,0,0,1,0,1,0
580,890,1.0,498,766,1,0,0,1,0,1,0
582,518,4.0,499,454,4,0,0,0,1,1,0
582,531,2.0,499,465,4,0,0,0,1,1,0
583,525,4.0,500,459,2,1,0,1,0,1,0
584,360,1.0,501,313,3,1,1,0,0,0,1
584,509,4.0,501,445,3,1,1,0,0,0,1
584,757,3.0,501,654,3,1,1,0,0,0,1
585,796,1.0,502,686,3,1,0,0,1,1,0
585,801,4.0,502,690,3,1,0,0,1,1,0
586,433,5.0,503,380,2,1,0,1,0,1,0
587,878,3.0,504,758,2,0,1,0,0,0,1
588,27,2.0,505,24,3,0,0,0,1,1,0
588,189,5.0,505,166,3,0,0,0,1,1,0
589,20,1.0,506,18,4,1,0,1,0,1,0
589,959,2.0,506,828,4,1,0,1,0,1,0
590,14,3.0,507,13,3,1,1,0,0,0,1
590,171,4.0,507,152,3,1,1,0,0,0,1
590,661,2.0,507,569,3,1,1,0,0,0,1
591,462,4.0,508,402,2,1,0,0,1,1,0
591,679,4.0,508,585,2,1,0,0,1,1,0
591,893,1.0,508,769,2,1,0,0,1,1,0
591,966,5.0,508,835,2,1,0,0,1,1,0
592,216,3.0,509,191,3,0,0,1,0,1,0
592,646,5.0,509,555,3,0,0,1,0,1,0
592,983,3.0,509,848,3,0,0,1,0,1,0
593,775,1.0,510,671,1,0,1,0,0,0,1
594,277,1.0,511,243,1,0,0,0,1,1,0
594,285,1.0,511,250,1,0,0,0,1,1,0
594,340,3.0,511,294,1,0,0,0,1,1,0
594,386,3.0,511,338,1,0,0,0,1,1,0
595,273,5.0,512,240,1,0,0,1,0,1,0
596,518,5.0,513,454,2,0,1,0,0,0,1
596,926,5.0,513,798,2,0,1,0,0,0,1
597,386,5.0,514,338,1,0,0,0,1,1,0
597,871,2.0,514,751,1,0,0,0,1,1,0
598,886,3.0,515,764,4,0,0,1,0,1,0
599,5,5.0,516,4,1,0,1,0,0,0,1
600,372,5.0,517,324,3,0,0,0,1,1,0
601,765,2.0,518,661,1,1,0,1,0,1,0
602,572,5.0,519,494,3,0,1,0,0,0,1
602,812,5.0,519,700,3,0,1,0,0,0,1
603,64,1.0,520,59,4,1,0,0,1,1,0
603,343,3.0,520,296,4,1,0,0,1,1,0
604,326,5.0,521,283,4,0,0,1,0,1,0
606,303,3.0,522,265,4,0,0,0,1,1,0
606,513,4.0,522,449,4,0,0,0,1,1,0
606,872,2.0,522,752,4,0,0,0,1,1,0
607,552,5.0,523,482,1,1,0,1,0,1,0
607,573,2.0,523,495,1,1,0,1,0,1,0
607,748,1.0,523,646,1,1,0,1,0,1,0
608,410,1.0,524,359,1,1,1,0,0,0,1
608,694,1.0,524,599,1,1,1,0,0,0,1
608,752,1.0,524,649,1,1,1,0,0,0,1
609,82,2.0,525,73,4,0,0,0,1,1,0
609,458,1.0,525,399,4,0,0,0,1,1,0
610,87,5.0,526,78,2,1,0,1,0,1,0
611,428,4.0,527,375,4,1,1,0,0,0,1
612,960,1.0,528,829,2,0,0,0,1,1,0
612,962,5.0,528,831,2,0,0,0,1,1,0
613,146,3.0,529,131,2,0,0,1,0,1,0
613,511,5.0,529,447,2,0,0,1,0,1,0
614,501,2.0,530,439,4,0,1,0,0,0,1
614,590,5.0,530,507,4,0,1,0,0,0,1
615,752,4.0,531,649,2,1,0,0,1,1,0
616,191,1.0,532,168,1,0,0,1,0,1,0
616,376,1.0,532,328,1,0,0,1,0,1,0
616,755,2.0,532,652,1,0,0,1,0,1,0
618,903,3.0,533,777,3,0,0,0,1,1,0
619,711,1.0,534,614,1,1,0,1,0,1,0
620,140,1.0,535,126,2,1,1,0,0,0,1
620,249,4.0,535,219,2,1,1,0,0,0,1
620,624,4.0,535,534,2,1,1,0,0,0,1
620,659,5.0,535,567,2,1,1,0,0,0,1
621,566,5.0,536,490,2,0,0,0,1,1,0
621,719,5.0,536,620,2,0,0,0,1,1,0
622,537,4.0,537,469,2,1,0,1,0,1,0
623,278,3.0,538,244,1,0,1,0,0,0,1
623,470,1.0,538,409,1,0,1,0,0,0,1
624,318,5.0,539,277,1,0,0,0,1,1,0
624,844,1.0,539,729,1,0,0,0,1,1,0
626,188,3.0,540,165,2,1,1,0,0,0,1
626,300,1.0,540,262,2,1,1,0,0,0,1
626,952,4.0,540,821,2,1,1,0,0,0,1
627,409,4.0,541,358,2,1,0,0,1,1,0
627,499,2.0,541,437,2,1,0,0,1,1,0
627,639,5.0,541,549,2,1,0,0,1,1,0
628,35,5.0,542,32,3,0,0,1,0,1,0
628,50,1.0,542,45,3,0,0,1,0,1,0
628,226,1.0,542,200,3,0,0,1,0,1,0
628,448,2.0,542,392,3,0,0,1,0,1,0
628,478,5.0,542,417,3,0,0,1,0,1,0
628,631,5.0,542,541,3,0,0,1,0,1,0
629,110,5.0,543,98,2,0,1,0,0,0,1
629,374,1.0,543,326,2,0,1,0,0,0,1
631,394,2.0,544,346,3,0,0,1,0,1,0
631,569,1.0,544,493,3,0,0,1,0,1,0
632,135,1.0,545,121,1,1,1,0,0,0,1
634,359,3.0,546,312,4,1,0,1,0,1,0
635,803,4.0,547,692,1,1,1,0,0,0,1
635,899,1.0,547,773,1,1,1,0,0,0,1
635,940,1.0,547,810,1,1,1,0,0,0,1
636,115,3.0,548,102,4,0,0,0,1,1,0
636,139,5.0,548,125,4,0,0,0,1,1,0
636,150,3.0,548,134,4,0,0,0,1,1,0
637,24,1.0,549,22,1,1,0,1,0,1,0
637,382,1.0,549,334,1,1,0,1,0,1,0
637,637,5.0,549,547,1,1,0,1,0,1,0
639,545,5.0,550,476,3,1,0,0,1,1,0
639,629,1.0,550,539,3,1,0,0,1,1,0
639,776,3.0,550,672,3,1,0,0,1,1,0
639,886,3.0,550,764,3,1,0,0,1,1,0
640,251,2.0,551,221,2,1,0,1,0,1,0
640,499,1.0,551,437,2,1,0,1,0,1,0
641,598,4.0,552,512,4,1,1,0,0,0,1
642,420,5.0,553,368,2,0,0,0,1,1,0
642,434,4.0,553,381,2,0,0,0,1,1,0
644,13,1.0,554,12,1,0,1,0,0,0,1
644,545,5.0,554,476,1,0,1,0,0,0,1
645,211,2.0,555,187,3,0,0,0,1,1,0
645,819,5.0,555,707,3,0,0,0,1,1,0
646,82,5.0,556,73,2,0,0,1,0,1,0
646,255,4.0,556,224,2,0,0,1,0,1,0
646,408,5.0,556,357,2,0,0,1,0,1,0
647,326,3.0,557,283,3,0,1,0,0,0,1
647,366,3.0,557,319,3,0,1,0,0,0,1
647,531,4.0,557,465,3,0,1,0,0,0,1
647,748,1.0,557,646,3,0,1,0,0,0,1
649,871,2.0,558,751,3,1,0,1,0,1,0
650,702,5.0,559,607,4,1,1,0,0,0,1
651,181,1.0,560,160,2,1,0,0,1,1,0
651,725,2.0,560,626,2,1,0,0,1,1,0
652,347,1.0,561,300,2,0,0,1,0,1,0
653,178,5.0,562,157,3,1,1,0,0,0,1
653,217,4.0,562,192,3,1,1,0,0,0,1
653,334,1.0,562,289,3,1,1,0,0,0,1
653,413,4.0,562,362,3,1,1,0,0,0,1
653,423,5.0,562,371,3,1,1,0,0,0,1
653,756,4.0,562,653,3,1,1,0,0,0,1
654,718,2.0,563,619,2,0,0,0,1,1,0
655,456,3.0,564,397,2,0,0,1,0,1,0
655,795,5.0,564,685,2,0,0,1,0,1,0
655,841,1.0,564,728,2,0,0,1,0,1,0
657,773,5.0,565,669,1,1,0,0,1,1,0
659,827,4.0,566,714,3,1,1,0,0,0,1
659,969,3.0,566,838,3,1,1,0,0,0,1
660,341,2.0,567,295,4,0,0,0,1,1,0
660,905,1.0,567,779,4,0,0,0,1,1,0
661,625,3.0,568,535,2,0,0,1,0,1,0
662,63,1.0,569,58,3,0,1,0,0,0,1
662,912,3.0,569,785,3,0,1,0,0,0,1
662,959,1.0,569,828,3,0,1,0,0,0,1
663,191,4.0,570,168,2,1,0,0,1,1,0
663,483,3.0,570,422,2,1,0,0,1,1,0
664,339,5.0,571,293,3,0,0,1,0,1,0
664,803,5.0,571,692,3,0,0,1,0,1,0
664,865,1.0,571,745,3,0,0,1,0,1,0
665,873,3.0,572,753,2,1,1,0,0,0,1
666,309,2.0,573,270,2,1,0,0,1,1,0
666,974,1.0,573,842,2,1,0,0,1,1,0
667,579,3.0,574,499,3,1,0,1,0,1,0
668,259,1.0,575,228,2,1,1,0,0,0,1
668,322,4.0,575,280,2,1,1,0,0,0,1
668,555,3.0,575,484,2,1,1,0,0,0,1
668,931,1.0,575,802,2,1,1,0,0,0,1
669,181,4.0,576,160,3,1,0,0,1,1,0
671,94,2.0,577,84,4,1,1,0,0,0,1
671,225,3.0,577,199,4,1,1,0,0,0,1
671,391,3.0,577,343,4,1,1,0,0,0,1
672,21,3.0,578,19,2,0,0,0,1,1,0
672,236,5.0,578,208,2,0,0,0,1,1,0
672,250,1.0,578,220,2,0,0,0,1,1,0
672,293,3.0,578,257,2,0,0,0,1,1,0
673,288,1.0,579,252,4,0,0,1,0,1,0
673,677,2.0,579,583,4,0,0,1,0,1,0
674,295,1.0,580,259,2,1,1,0,0,0,1
674,660,4.0,580,568,2,1,1,0,0,0,1
674,664,1.0,580,572,2,1,1,0,0,0,1
676,117,2.0,581,104,2,1,0,1,0,1,0
676,824,5.0,581,711,2,1,0,1,0,1,0
677,109,3.0,582,97,2,1,1,0,0,0,1
677,195,4.0,582,172,2,1,1,0,0,0,1
677,239,2.0,582,211,2,1,1,0,0,0,1
677,954,2.0,582,823,2,1,1,0,0,0,1
678,290,3.0,583,254,4,0,0,0,1,1,0
678,419,4.0,583,367,4,0,0,0,1,1,0
678,706,3.0,583,611,4,0,0,0,1,1,0
679,447,5.0,584,391,3,1,0,1,0,1,0
679,507,4.0,584,444,3,1,0,1,0,1,0
679,740,4.0,584,639,3,1,0,1,0,1,0
679,852,1.0,584,737,3,1,0,1,0,1,0
680,135,1.0,585,121,1,1,1,0,0,0,1
680,628,4.0,585,538,1,1,1,0,0,0,1
681,378,2.0,586,330,3,0,0,0,1,1,0
682,335,2.0,587,290,2,1,0,1,0,1,0
682,346,3.0,587,299,2,1,0,1,0,1,0
682,503,5.0,587,441,2,1,0,1,0,1,0
684,23,4.0,588,21,1,1,0,0,1,1,0
684,142,2.0,588,128,1,1,0,0,1,1,0
684,281,2.0,588,247,1,1,0,0,1,1,0
684,772,2.0,588,668,1,1,0,0,1,1,0
684,806,5.0,588,695,1,1,0,0,1,1,0
685,955,1.0,589,824,1,1,0,1,0,1,0
686,93,2.0,590,83,4,1,1,0,0,0,1
686,180,5.0,590,159,4,1,1,0,0,0,1
686,544,1.0,590,475,4,1,1,0,0,0,1
688,22,3.0,591,20,3,0,0,1,0,1,0
688,448,4.0,591,392,3,0,0,1,0,1,0
688,818,2.0,591,706,3,0,0,1,0,1,0
688,966,5.0,591,835,3,0,0,1,0,1,0
689,950,3.0,592,819,1,1,1,0,0,0,1
690,388,2.0,593,340,4,1,0,0,1,1,0
692,425,1.0,594,373,3,1,1,0,0,0,1
693,3,2.0,595,2,2,1,0,0,1,1,0
693,364,4.0,595,317,2,1,0,0,1,1,0
693,488,1.0,595,427,2,1,0,0,1,1,0
694,471,4.0,596,410,1,0,0,1,0,1,0
694,650,2.0,596,559,1,0,0,1,0,1,0
695,634,4.0,597,544,4,0,1,0,0,0,1
695,765,1.0,597,661,4,0,1,0,0,0,1
696,307,3.0,598,269,2,1,0,0,1,1,0
696,475,1.0,598,414,2,1,0,0,1,1,0
697,920,3.0,599,793,1,1,0,1,0,1,0
697,955,4.0,599,824,1,1,0,1,0,1,0
699,7,2.0,600,6,4,1,0,0,1,1,0
699,396,2.0,600,348,4,1,0,0,1,1,0
700,535,4.0,601,468,3,1,0,1,0,1,0
700,671,4.0,601,578,3,1,0,1,0,1,0
700,915,4.0,601,788,3,1,0,1,0,1,0
701,327,5.0,602,284,3,0,1,0,0,0,1
701,985,2.0,602,850,3,0,1,0,0,0,1
702,314,4.0,603,273,2,1,0,0,1,1,0
703,47,2.0,604,42,3,1,0,1,0,1,0
703,82,2.0,604,73,3,1,0,1,0,1,0
703,761,2.0,604,657,3,1,0,1,0,1,0
704,642,1.0,605,552,4,1,1,0,0,0,1
705,459,5.0,606,400,3,0,0,0,1,1,0
705,481,4.0,606,420,3,0,0,0,1,1,0
706,306,2.0,607,268,2,0,0,1,0,1,0
706,371,5.0,607,323,2,0,0,1,0,1,0
706,484,1.0,607,423,2,0,0,1,0,1,0
706,776,2.0,607,672,2,0,0,1,0,1,0
707,404,2.0,608,355,2,0,1,0,0,0,1
708,94,3.0,609,84,2,1,0,0,1,1,0
708,106,3.0,609,94,2,1,0,0,1,1,0
708,127,4.0,609,113,2,1,0,0,1,1,0
708,395,2.0,609,347,2,1,0,0,1,1,0
708,702,4.0,609,607,2,1,0,0,1,1,0
709,164,4.0,610,145,3,1,0,1,0,1,0
709,984,3.0,610,849,3,1,0,1,0,1,0
710,800,1.0,611,689,2,0,1,0,0,0,1
711,180,4.0,612,159,3,1,0,0,1,1,0
711,705,5.0,612,610,3,1,0,0,1,1,0
711,831,2.0,612,718,3,1,0,0,1,1,0
711,979,3.0,612,847,3,1,0,0,1,1,0
712,383,3.0,613,335,2,0,0,1,0,1,0
712,476,3.0,613,415,2,0,0,1,0,1,0
713,251,2.0,614,221,2,0,1,0,0,0,1
715,786,2.0,615,679,3,0,0,1,0,1,0
716,442,3.0,616,388,3,0,1,0,0,0,1
717,969,1.0,617,838,4,0,0,0,1,1,0
718,405,5.0,618,356,3,1,0,1,0,1,0
718,555,1.0,618,484,3,1,0,1,0,1,0
718,723,4.0,618,624,3,1,0,1,0,1,0
719,354,1.0,619,307,4,0,1,0,0,0,1
720,361,4.0,620,314,2,0,0,0,1,1,0
721,137,2.0,621,123,3,1,0,1,0,1,0
721,356,4.0,621,309,3,1,0,1,0,1,0
722,307,1.0,622,269,1,0,1,0,0,0,1
722,416,2.0,622,365,1,0,1,0,0,0,1
723,670,2.0,623,577,3,0,0,0,1,1,0
723,748,3.0,623,646,3,0,0,0,1,1,0
724,161,5.0,624,143,4,0,0,1,0,1,0
724,695,5.0,624,600,4,0,0,1,0,1,0
725,29,1.0,625,26,2,1,1,0,0,0,1
725,295,4.0,625,259,2,1,1,0,0,0,1
725,480,5.0,625,419,2,1,1,0,0,0,1
725,845,4.0,625,730,2,1,1,0,0,0,1
727,454,5.0,626,395,2,0,0,1,0,1,0
727,732,2.0,626,632,2,0,0,1,0,1,0
729,491,1.0,627,430,2,0,0,0,1,1,0
729,865,4.0,627,745,2,0,0,0,1,1,0
729,874,3.0,627,754,2,0,0,0,1,1,0
730,160,5.0,628,142,2,0,0,1,0,1,0
730,597,4.0,628,511,2,0,0,1,0,1,0
732,687,1.0,629,592,2,1,0,0,1,1,0
733,604,5.0,630,517,2,0,0,1,0,1,0
733,638,3.0,630,548,2,0,0,1,0,1,0
733,676,5.0,630,582,2,0,0,1,0,1,0
733,875,4.0,630,755,2,0,0,1,0,1,0
734,409,5.0,631,358,2,1,1,0,0,0,1
734,445,4.0,631,390,2,1,1,0,0,0,1
735,7,3.0,632,6,1,0,0,0,1,1,0
735,235,1.0,632,207,1,0,0,0,1,1,0
735,977,3.0,632,845,1,0,0,0,1,1,0
736,387,5.0,633,339,2,1,0,1,0,1,0
736,806,5.0,633,695,2,1,0,1,0,1,0
736,970,2.0,633,839,2,1,0,1,0,1,0
737,369,1.0,634,322,3,0,1,0,0,0,1
738,438,2.0,635,385,2,0,0,0,1,1,0
738,730,4.0,635,630,2,0,0,0,1,1,0
739,554,3.0,636,483,3,1,0,1,0,1,0
740,181,1.0,637,160,2,0,1,0,0,0,1
740,692,3.0,637,597,2,0,1,0,0,0,1
740,945,4.0,637,815,2,0,1,0,0,0,1
741,749,2.0,638,647,2,0,0,0,1,1,0
741,803,4.0,638,692,2,0,0,0,1,1,0
742,281,5.0,639,247,3,0,0,1,0,1,0
743,60,3.0,640,55,3,0,1,0,0,0,1
743,324,1.0,640,282,3,0,1,0,0,0,1
743,614,4.0,640,526,3,0,1,0,0,0,1
745,114,2.0,641,101,3,0,0,1,0,1,0
745,171,4.0,641,152,3,0,0,1,0,1,0
745,241,4.0,641,213,3,0,0,1,0,1,0
745,274,3.0,641,241,3,0,0,1,0,1,0
745,386,3.0,641,338,3,0,0,1,0,1,0
746,807,5.0,642,696,3,0,1,0,0,0,1
746,859,2.0,642,741,3,0,1,0,0,0,1
747,145,5.0,643,130,1,0,0,0,1,1,0
747,660,4.0,643,568,1,0,0,0,1,1,0
747,677,1.0,643,583,1,0,0,0,1,1,0
748,441,2.0,644,387,2,1,0,1,0,1,0
749,215,3.0,645,190,1,0,1,0,0,0,1
750,160,3.0,646,142,3,1,0,0,1,1,0
750,401,2.0,646,352,3,1,0,0,1,1,0
750,460,1.0,646,401,3,1,0,0,1,1,0
752,154,3.0,647,138,3,1,1,0,0,0,1
752,203,5.0,647,179,3,1,1,0,0,0,1
752,420,3.0,647,368,3,1,1,0,0,0,1
752,770,1.0,647,666,3,1,1,0,0,0,1
752,799,3.0,647,688,3,1,1,0,0,0,1
752,910,2.0,647,783,3,1,1,0,0,0,1
753,46,4.0,648,41,3,0,0,0,1,1,0
753,409,3.0,648,358,3,0,0,0,1,1,0
754,84,5.0,649,75,4,1,0,1,0,1,0
754,306,2.0,649,268,4,1,0,1,0,1,0
754,555,1.0,649,484,4,1,0,1,0,1,0
755,54,2.0,650,49,4,1,1,0,0,0,1
755,344,2.0,650,297,4,1,1,0,0,0,1
755,651,3.0,650,560,4,1,1,0,0,0,1
756,766,1.0,651,662,3,1,0,0,1,1,0
757,36,5.0,652,33,1,1,0,1,0,1,0
757,126,2.0,652,112,1,1,0,1,0,1,0
757,528,4.0,652,462,1,1,0,1,0,1,0
757,867,1.0,652,747,1,1,0,1,0,1,0
758,938,4.0,653,808,2,1,1,0,0,0,1
759,182,5.0,654,161,3,0,0,0,1,1,0
759,969,1.0,654,838,3,0,0,0,1,1,0
760,493,2.0,655,432,1,0,0,1,0,1,0
762,638,1.0,656,548,2,0,0,0,1,1,0
762,739,1.0,656,638,2,0,0,0,1,1,0
762,964,5.0,656,833,2,0,0,0,1,1,0
763,327,4.0,657,284,2,0,0,1,0,1,0
763,572,2.0,657,494,2,0,0,1,0,1,0
764,209,3.0,658,185,3,0,1,0,0,0,1
764,735,3.0,658,635,3,0,1,0,0,0,1
765,169,2.0,659,150,2,1,0,0,1,1,0
765,311,4.0,659,272,2,1,0,0,1,1,0
765,908,5.0,659,781,2,1,0,0,1,1,0
766,148,4.0,660,132,1,0,0,1,0,1,0
767,592,5.0,661,508,4,0,1,0,0,0,1
767,877,4.0,661,757,4,0,1,0,0,0,1
768,824,3.0,662,711,3,0,0,0,1,1,0
769,236,1.0,663,208,3,0,0,1,0,1,0
769,611,3.0,663,523,3,0,0,1,0,1,0
769,635,2.0,663,545,3,0,0,1,0,1,0
770,971,5.0,664,840,3,0,1,0,0,0,1
773,14,3.0,665,13,1,1,1,0,0,0,1
773,133,3.0,665,119,1,1,1,0,0,0,1
774,381,2.0,666,333,3,1,0,0,1,1,0
777,71,3.0,667,66,3,1,0,0,1,1,0
777,144,5.0,667,129,3,1,0,0,1,1,0
777,590,2.0,667,507,3,1,0,0,1,1,0
778,365,1.0,668,318,1,0,0,1,0,1,0
778,429,5.0,668,376,1,0,0,1,0,1,0
778,709,3.0,668,613,1,0,0,1,0,1,0
778,746,3.0,668,644,1,0,0,1,0,1,0
778,951,5.0,668,820,1,0,0,1,0,1,0
779,64,2.0,669,59,3,0,1,0,0,0,1
779,799,1.0,669,688,3,0,1,0,0,0,1
780,492,2.0,670,431,2,0,0,0,1,1,0
780,649,1.0,670,558,2,0,0,0,1,1,0
781,284,3.0,671,249,1,0,0,1,0,1,0
781,769,1.0,671,665,1,0,0,1,0,1,0
781,844,2.0,671,729,1,0,0,1,0,1,0
782,35,1.0,672,32,1,1,1,0,0,0,1
782,771,1.0,672,667,1,1,1,0,0,0,1
782,805,3.0,672,694,1,1,1,0,0,0,1
783,411,1.0,673,360,2,1,0,0,1,1,0
783,894,2.0,673,770,2,1,0,0,1,1,0
784,52,2.0,674,47,3,1,0,1,0,1,0
784,904,1.0,674,778,3,1,0,1,0,1,0
785,200,5.0,675,176,1,1,1,0,0,0,1
786,42,5.0,676,39,3,0,0,0,1,1,0
786,877,4.0,676,757,3,0,0,0,1,1,0
786,952,5.0,676,821,3,0,0,0,1,1,0
788,388,5.0,677,340,3,0,1,0,0,0,1
788,860,2.0,677,742,3,0,1,0,0,0,1
789,320,3.0,678,279,3,1,0,0,1,1,0
789,897,1.0,678,771,3,1,0,0,1,1,0
790,380,3.0,679,332,1,1,0,1,0,1,0
791,642,2.0,680,552,1,1,1,0,0,0,1
791,880,4.0,680,760,1,1,1,0,0,0,1
792,693,5.0,681,598,1,1,0,0,1,1,0
792,898,1.0,681,772,1,1,0,0,1,1,0
793,422,2.0,682,370,4,1,0,1,0,1,0
794,668,3.0,683,576,3,0,1,0,0,0,1
794,853,4.0,683,738,3,0,1,0,0,0,1
796,117,4.0,684,104,1,0,0,1,0,1,0
796,476,4.0,684,415,1,0,0,1,0,1,0
797,546,4.0,685,477,1,0,1,0,0,0,1
797,629,4.0,685,539,1,0,1,0,0,0,1
797,948,2.0,685,817,1,0,1,0,0,0,1
798,123,2.0,686,110,3,1,0,0,1,1,0
798,279,2.0,686,245,3,1,0,0,1,1,0
798,394,3.0,686,346,3,1,0,0,1,1,0
798,652,2.0,686,561,3,1,0,0,1,1,0
798,970,1.0,686,839,3,1,0,0,1,1,0
798,975,5.0,686,843,3,1,0,0,1,1,0
799,55,3.0,687,50,3,0,0,1,0,1,0
799,103,4.0,687,92,3,0,0,1,0,1,0
799,390,4.0,687,342,3,0,0,1,0,1,0
799,404,4.0,687,355,3,0,0,1,0,1,0
799,497,3.0,687,436,3,0,0,1,0,1,0
799,568,1.0,687,492,3,0,0,1,0,1,0
800,257,4.0,688,226,3,0,1,0,0,0,1
800,269,1.0,688,236,3,0,1,0,0,0,1
800,363,3.0,688,316,3,0,1,0,0,0,1
801,209,5.0,689,185,2,0,0,0,1,1,0
801,824,4.0,689,711,2,0,0,0,1,1,0
803,161,1.0,690,143,3,0,1,0,0,0,1
803,177,5.0,690,156,3,0,1,0,0,0,1
803,649,5.0,690,558,3,0,1,0,0,0,1
803,770,5.0,690,666,3,0,1,0,0,0,1
803,950,5.0,690,819,3,0,1,0,0,0,1
804,113,2.0,691,100,1,0,0,0,1,1,0
805,93,1.0,692,83,3,1,0,1,0,1,0
805,428,3.0,692,375,3,1,0,1,0,1,0
805,623,4.0,692,533,3,1,0,1,0,1,0
805,797,5.0,692,687,3,1,0,1,0,1,0
806,529,1.0,693,463,3,1,1,0,0,0,1
807,203,2.0,694,179,3,0,0,0,1,1,0
807,738,4.0,694,637,3,0,0,0,1,1,0
808,743,1.0,695,642,1,0,0,1,0,1,0
809,396,1.0,696,348,3,1,1,0,0,0,1
809,483,5.0,696,422,3,1,1,0,0,0,1
811,294,5.0,697,258,3,1,0,1,0,1,0
812,153,3.0,698,137,2,1,1,0,0,0,1
813,305,2.0,699,267,3,1,0,0,1,1,0
813,441,2.0,699,387,3,1,0,0,1,1,0
813,878,4.0,699,758,3,1,0,0,1,1,0
814,137,1.0,700,123,3,1,0,1,0,1,0
814,181,4.0,700,160,3,1,0,1,0,1,0
814,182,2.0,700,161,3,1,0,1,0,1,0
814,688,3.0,700,593,3,1,0,1,0,1,0
814,799,5.0,700,688,3,1,0,1,0,1,0
814,853,5.0,700,738,3,1,0,1,0,1,0
815,471,2.0,701,410,2,1,1,0,0,0,1
816,52,4.0,702,47,3,1,0,0,1,1,0
816,163,2.0,702,144,3,1,0,0,1,1,0
816,802,2.0,702,691,3,1,0,0,1,1,0
817,565,1.0,703,489,1,0,0,1,0,1,0
819,429,1.0,704,376,2,0,0,0,1,1,0
819,696,5.0,704,601,2,0,0,0,1,1,0
820,757,5.0,705,654,2,1,0,1,0,1,0
821,76,3.0,706,68,3,1,1,0,0,0,1
821,410,5.0,706,359,3,1,1,0,0,0,1
821,469,3.0,706,408,3,1,1,0,0,0,1
821,757,2.0,706,654,3,1,1,0,0,0,1
822,587,3.0,707,505,1,0,0,0,1,1,0
823,109,3.0,708,97,3,0,0,1,0,1,0
823,939,3.0,708,809,3,0,0,1,0,1,0
824,636,4.0,709,546,4,1,1,0,0,0,1
825,360,3.0,710,313,3,0,0,0,1,1,0
825,653,1.0,710,562,3,0,0,0,1,1,0
825,672,4.0,710,579,3,0,0,0,1,1,0
826,413,4.0,711,362,2,0,0,1,0,1,0
826,514,3.0,711,450,2,0,0,1,0,1,0
827,221,3.0,712,195,2,1,1,0,0,0,1
827,390,3.0,712,342,2,1,1,0,0,0,1
828,372,1.0,713,324,4,0,0,0,1,1,0
828,434,2.0,713,381,4,0,0,0,1,1,0
828,547,2.0,713,478,4,0,0,0,1,1,0
829,911,1.0,714,784,1,0,0,1,0,1,0
830,768,2.0,715,664,1,1,1,0,0,0,1
831,78,1.0,716,69,4,0,0,0,1,1,0
831,447,5.0,716,391,4,0,0,0,1,1,0
832,122,1.0,717,109,3,0,0,1,0,1,0
832,646,1.0,717,555,3,0,0,1,0,1,0
833,433,1.0,718,380,3,0,1,0,0,0,1
834,245,2.0,719,217,3,1,0,0,1,1,0
834,361,5.0,719,314,3,1,0,0,1,1,0
834,442,4.0,719,388,3,1,0,0,1,1,0
834,575,2.0,719,496,3,1,0,0,1,1,0
834,610,3.0,719,522,3,1,0,0,1,1,0
834,866,4.0,719,746,3,1,0,0,1,1,0
835,261,2.0,720,229,4,0,0,1,0,1,0
835,523,5.0,720,457,4,0,0,1,0,1,0
836,825,2.0,721,712,2,0,1,0,0,0,1
837,109,3.0,722,97,4,0,0,0,1,1,0
837,287,3.0,722,251,4,0,0,0,1,1,0
838,294,3.0,723,258,4,0,0,1,0,1,0
838,335,1.0,723,290,4,0,0,1,0,1,0
838,830,1.0,723,717,4,0,0,1,0,1,0
839,279,2.0,724,245,2,0,1,0,0,0,1
839,552,4.0,724,482,2,0,1,0,0,0,1
839,924,2.0,724,796,2,0,1,0,0,0,1
840,103,5.0,725,92,1,0,0,0,1,1,0
840,348,1.0,725,301,1,0,0,0,1,1,0
840,785,2.0,725,678,1,0,0,0,1,1,0
841,174,5.0,726,153,2,0,0,1,0,1,0
842,90,4.0,727,80,2,1,1,0,0,0,1
842,195,1.0,727,172,2,1,1,0,0,0,1
843,886,1.0,728,764,2,1,0,0,1,1,0
843,929,2.0,728,801,2,1,0,0,1,1,0
844,346,3.0,729,299,3,1,0,1,0,1,0
845,556,1.0,730,485,3,0,1,0,0,0,1
845,759,3.0,730,655,3,0,1,0,0,0,1
846,389,2.0,731,341,3,1,0,0,1,1,0
846,609,4.0,731,521,3,1,0,0,1,1,0
846,974,2.0,731,842,3,1,0,0,1,1,0
847,60,2.0,732,55,1,0,0,1,0,1,0
847,395,3.0,732,347,1,0,0,1,0,1,0
847,683,2.0,732,588,1,0,0,1,0,1,0
847,931,4.0,732,802,1,0,0,1,0,1,0
848,10,3.0,733,9,2,0,1,0,0,0,1
848,657,4.0,733,566,2,0,1,0,0,0,1
849,676,2.0,734,582,1,0,0,0,1,1,0
849,871,5.0,734,751,1,0,0,0,1,1,0
850,131,1.0,735,117,2,1,0,1,0,1,0
850,701,3.0,735,606,2,1,0,1,0,1,0
850,761,4.0,735,657,2,1,0,1,0,1,0
851,266,4.0,736,234,2,0,1,0,0,0,1
851,365,1.0,736,318,2,0,1,0,0,0,1
851,384,4.0,736,336,2,0,1,0,0,0,1
851,956,3.0,736,825,2,0,1,0,0,0,1
851,983,2.0,736,848,2,0,1,0,0,0,1
852,79,4.0,737,70,4,1,0,0,1,1,0
852,256,4.0,737,225,4,1,0,0,1,1,0
852,317,1.0,737,276,4,1,0,0,1,1,0
852,874,5.0,737,754,4,1,0,0,1,1,0
854,315,4.0,738,274,4,0,1,0,0,0,1
855,20,1.0,739,18,2,0,0,0,1,1,0
855,371,5.0,739,323,2,0,0,0,1,1,0
855,468,3.0,739,407,2,0,0,0,1,1,0
855,954,1.0,739,823,2,0,0,0,1,1,0
857,80,5.0,740,71,3,1,1,0,0,0,1
857,415,1.0,740,364,3,1,1,0,0,0,1
858,250,3.0,741,220,3,1,0,0,1,1,0
858,469,4.0,741,408,3,1,0,0,1,1,0
858,823,5.0,741,710,3,1,0,0,1,1,0
859,566,5.0,742,490,3,1,0,1,0,1,0
859,645,3.0,742,554,3,1,0,1,0,1,0
859,880,3.0,742,760,3,1,0,1,0,1,0
859,955,1.0,742,824,3,1,0,1,0,1,0
860,99,1.0,743,88,1,1,1,0,0,0,1
860,629,2.0,743,539,1,1,1,0,0,0,1
862,53,1.0,744,48,2,1,0,1,0,1,0
862,103,2.0,744,92,2,1,0,1,0,1,0
862,317,5.0,744,276,2,1,0,1,0,1,0
862,525,3.0,744,459,2,1,0,1,0,1,0
862,743,4.0,744,642,2,1,0,1,0,1,0
862,936,3.0,744,806,2,1,0,1,0,1,0
863,135,4.0,745,121,3,1,1,0,0,0,1
863,320,5.0,745,279,3,1,1,0,0,0,1
863,891,1.0,745,767,3,1,1,0,0,0,1
864,410,2.0,746,359,4,0,0,0,1,1,0
864,682,3.0,746,587,4,0,0,0,1,1,0
865,750,2.0,747,648,3,1,0,1,0,1,0
866,589,2.0,748,506,4,1,1,0,0,0,1
867,775,1.0,749,671,4,1,0,0,1,1,0
868,259,5.0,750,228,2,0,0,1,0,1,0
868,661,5.0,750,569,2,0,0,1,0,1,0
868,689,4.0,750,594,2,0,0,1,0,1,0
868,944,1.0,750,814,2,0,0,1,0,1,0
869,217,2.0,751,192,2,1,1,0,0,0,1
869,782,2.0,751,676,2,1,1,0,0,0,1
869,901,4.0,751,775,2,1,1,0,0,0,1
870,424,2.0,752,372,4,0,0,0,1,1,0
871,151,1.0,753,135,2,1,0,1,0,1,0
871,174,1.0,753,153,2,1,0,1,0,1,0
871,970,5.0,753,839,2,1,0,1,0,1,0
872,24,3.0,754,22,2,1,1,0,0,0,1
872,535,2.0,754,468,2,1,1,0,0,0,1
872,634,5.0,754,544,2,1,1,0,0,0,1
872,782,1.0,754,676,2,1,1,0,0,0,1
873,135,2.0,755,121,2,0,0,0,1,1,0
873,247,3.0,755,218,2,0,0,0,1,1,0
873,387,4.0,755,339,2,0,0,0,1,1,0
874,117,2.0,756,104,2,1,0,1,0,1,0
874,315,3.0,756,274,2,1,0,1,0,1,0
874,613,2.0,756,525,2,1,0,1,0,1,0
875,330,2.0,757,286,2,1,1,0,0,0,1
875,956,4.0,757,825,2,1,1,0,0,0,1
876,8,5.0,758,7,4,1,0,0,1,1,0
876,727,4.0,758,628,4,1,0,0,1,1,0
877,82,4.0,759,73,4,0,0,1,0,1,0
877,109,3.0,759,97,4,0,0,1,0,1,0
878,239,1.0,760,211,3,0,1,0,0,0,1
878,415,4.0,760,364,3,0,1,0,0,0,1
878,421,3.0,760,369,3,0,1,0,0,0,1
878,661,4.0,760,569,3,0,1,0,0,0,1
878,732,1.0,760,632,3,0,1,0,0,0,1
878,872,4.0,760,752,3,0,1,0,0,0,1
878,996,5.0,760,861,3,0,1,0,0,0,1
881,551,2.0,761,481,3,1,1,0,0,0,1
882,479,5.0,762,418,2,1,0,0,1,1,0
882,814,1.0,762,702,2,1,0,0,1,1,0
883,641,5.0,763,551,3,0,0,1,0,1,0
884,243,4.0,764,215,2,1,1,0,0,0,1
885,135,4.0,765,121,4,1,0,0,1,1,0
886,209,1.0,766,185,2,1,0,1,0,1,0
887,408,3.0,767,357,1,0,1,0,0,0,1
888,8,3.0,768,7,2,0,0,0,1,1,0
888,75,4.0,768,67,2,0,0,0,1,1,0
888,805,2.0,768,694,2,0,0,0,1,1,0
889,215,5.0,769,190,2,1,0,1,0,1,0
890,14,2.0,770,13,1,1,1,0,0,0,1
890,655,4.0,770,564,1,1,1,0,0,0,1
890,969,2.0,770,838,1,1,1,0,0,0,1
891,430,5.0,771,377,2,1,0,0,1,1,0
891,796,3.0,771,686,2,1,0,0,1,1,0
893,146,3.0,772,131,3,1,1,0,0,0,1
893,796,3.0,772,686,3,1,1,0,0,0,1
894,417,4.0,773,366,2,0,0,0,1,1,0
894,839,3.0,773,726,2,0,0,0,1,1,0
896,189,4.0,774,166,4,0,1,0,0,0,1
897,284,2.0,775,249,3,0,0,0,1,1,0
897,786,2.0,775,679,3,0,0,0,1,1,0
898,21,3.0,776,19,2,0,0,1,0,1,0
898,132,5.0,776,118,2,0,0,1,0,1,0
898,696,4.0,776,601,2,0,0,1,0,1,0
898,875,5.0,776,755,2,0,0,1,0,1,0
899,9,1.0,777,8,2,0,1,0,0,0,1
899,346,5.0,777,299,2,0,1,0,0,0,1
901,166,3.0,778,147,4,0,0,1,0,1,0
902,216,4.0,779,191,4,0,1,0,0,0,1
902,316,2.0,779,275,4,0,1,0,0,0,1
902,676,2.0,779,582,4,0,1,0,0,0,1
903,16,5.0,780,15,3,1,0,0,1,1,0
903,503,1.0,780,441,3,1,0,0,1,1,0
904,75,3.0,781,67,1,1,0,1,0,1,0
904,169,5.0,781,150,1,1,0,1,0,1,0
904,276,3.0,781,242,1,1,0,1,0,1,0
904,436,5.0,781,383,1,1,0,1,0,1,0
904,576,1.0,781,497,1,1,0,1,0,1,0
905,727,2.0,782,628,3,0,1,0,0,0,1
906,330,4.0,783,286,2,1,0,0,1,1,0
906,813,3.0,783,701,2,1,0,0,1,1,0
907,417,3.0,784,366,4,0,0,1,0,1,0
908,386,3.0,785,338,3,0,1,0,0,0,1
908,949,5.0,785,818,3,0,1,0,0,0,1
910,379,5.0,786,331,4,1,0,1,0,1,0
912,786,3.0,787,679,2,1,0,0,1,1,0
913,149,1.0,788,133,2,1,0,1,0,1,0
913,726,3.0,788,627,2,1,0,1,0,1,0
914,93,5.0,789,83,3,1,1,0,0,0,1
914,349,5.0,789,302,3,1,1,0,0,0,1
915,374,1.0,790,326,1,1,0,0,1,1,0
916,25,2.0,791,23,3,0,0,1,0,1,0
916,455,3.0,791,396,3,0,0,1,0,1,0
916,627,1.0,791,537,3,0,0,1,0,1,0
916,686,2.0,791,591,3,0,0,1,0,1,0
916,753,1.0,791,650,3,0,0,1,0,1,0
917,365,5.0,792,318,4,0,1,0,0,0,1
917,598,1.0,792,512,4,0,1,0,0,0,1
917,601,2.0,792,515,4,0,1,0,0,0,1
918,284,1.0,793,249,4,1,0,0,1,1,0
919,90,1.0,794,80,2,0,0,1,0,1,0
919,413,2.0,794,362,2,0,0,1,0,1,0
919,700,1.0,794,605,2,0,0,1,0,1,0
923,218,1.0,795,193,4,0,1,0,0,0,1
923,510,2.0,795,446,4,0,1,0,0,0,1
923,892,3.0,795,768,4,0,1,0,0,0,1
924,292,1.0,796,256,2,0,0,0,1,1,0
924,600,3.0,796,514,2,0,0,0,1,1,0
925,198,3.0,797,174,4,1,0,1,0,1,0
925,322,3.0,797,280,4,1,0,1,0,1,0
925,690,1.0,797,595,4,1,0,1,0,1,0
926,323,2.0,798,281,2,0,1,0,0,0,1
927,209,4.0,799,185,2,1,0,0,1,1,0
928,41,3.0,800,38,2,0,0,1,0,1,0
928,108,4.0,800,96,2,0,0,1,0,1,0
928,190,3.0,800,167,2,0,0,1,0,1,0
929,734,2.0,801,634,2,1,1,0,0,0,1
929,770,3.0,801,666,2,1,1,0,0,0,1
930,556,2.0,802,485,3,1,0,0,1,1,0
930,688,2.0,802,593,3,1,0,0,1,1,0
931,897,1.0,803,771,1,1,0,1,0,1,0
931,955,5.0,803,824,1,1,0,1,0,1,0
932,850,5.0,804,735,2,0,1,0,0,0,1
934,36,2.0,805,33,4,0,0,1,0,1,0
934,51,2.0,805,46,4,0,0,1,0,1,0
934,202,1.0,805,178,4,0,0,1,0,1,0
934,384,3.0,805,336,4,0,0,1,0,1,0
934,500,5.0,805,438,4,0,0,1,0,1,0
934,791,1.0,805,681,4,0,0,1,0,1,0
935,51,4.0,806,46,1,0,1,0,0,0,1
935,422,1.0,806,370,1,0,1,0,0,0,1
936,159,1.0,807,141,1,1,0,0,1,1,0
936,346,4.0,807,299,1,1,0,0,1,1,0
936,350,1.0,807,303,1,1,0,0,1,1,0
936,621,3.0,807,531,1,1,0,0,1,1,0
936,645,4.0,807,554,1,1,0,0,1,1,0
937,343,4.0,808,296,4,0,0,1,0,1,0
937,712,1.0,808,615,4,0,0,1,0,1,0
937,900,5.0,808,774,4,0,0,1,0,1,0
939,19,3.0,809,17,2,0,0,0,1,1,0
939,55,5.0,809,50,2,0,0,0,1,1,0
940,280,2.0,810,246,2,0,0,1,0,1,0
940,411,5.0,810,360,2,0,0,1,0,1,0
941,484,4.0,811,423,4,1,1,0,0,0,1
941,936,4.0,811,806,4,1,1,0,0,0,1
942,289,3.0,812,253,1,1,0,0,1,1,0
942,840,1.0,812,727,1,1,0,0,1,1,0
942,984,1.0,812,849,1,1,0,0,1,1,0
943,434,2.0,813,381,3,1,0,1,0,1,0
943,479,4.0,813,418,3,1,0,1,0,1,0
943,990,5.0,813,855,3,1,0,1,0,1,0
944,391,4.0,814,343,2,0,1,0,0,0,1
944,633,1.0,814,543,2,0,1,0,0,0,1
944,702,3.0,814,607,2,0,1,0,0,0,1
944,732,3.0,814,632,2,0,1,0,0,0,1
944,749,4.0,814,647,2,0,1,0,0,0,1
944,917,1.0,814,790,2,0,1,0,0,0,1
945,502,5.0,815,440,2,1,0,0,1,1,0
945,839,3.0,815,726,2,1,0,0,1,1,0
945,914,4.0,815,787,2,1,0,0,1,1,0
946,28,2.0,816,25,2,1,0,1,0,1,0
947,5,1.0,817,4,3,0,1,0,0,0,1
947,617,3.0,817,527,3,0,1,0,0,0,1
947,953,1.0,817,822,3,0,1,0,0,0,1
948,183,1.0,818,162,1,1,0,0,1,1,0
948,526,4.0,818,460,1,1,0,0,1,1,0
948,1000,3.0,818,865,1,1,0,0,1,1,0
949,214,2.0,819,189,4,0,0,1,0,1,0
949,509,4.0,819,445,4,0,0,1,0,1,0
950,83,3.0,820,74,2,1,1,0,0,0,1
950,537,4.0,820,469,2,1,1,0,0,0,1
951,734,4.0,821,634,3,1,0,0,1,1,0
951,834,1.0,821,721,3,1,0,0,1,1,0
952,403,1.0,822,354,1,0,0,1,0,1,0
952,590,2.0,822,507,1,0,0,1,0,1,0
953,14,4.0,823,13,2,0,1,0,0,0,1
953,421,2.0,823,369,2,0,1,0,0,0,1
954,166,4.0,824,147,4,1,0,0,1,1,0
954,351,2.0,824,304,4,1,0,0,1,1,0
954,518,5.0,824,454,4,1,0,0,1,1,0
954,584,2.0,824,503,4,1,0,0,1,1,0
954,829,2.0,824,716,4,1,0,0,1,1,0
955,436,3.0,825,383,4,0,0,1,0,1,0
956,497,5.0,826,436,1,1,1,0,0,0,1
956,597,3.0,826,511,1,1,1,0,0,0,1
957,404,1.0,827,355,1,0,0,0,1,1,0
959,113,5.0,828,100,2,1,1,0,0,0,1
959,358,3.0,828,311,2,1,1,0,0,0,1
959,660,4.0,828,568,2,1,1,0,0,0,1
961,29,2.0,829,26,3,0,0,1,0,1,0
961,165,2.0,829,146,3,0,0,1,0,1,0
961,355,2.0,829,308,3,0,0,1,0,1,0
961,791,5.0,829,681,3,0,0,1,0,1,0
961,978,5.0,829,846,3,0,0,1,0,1,0
962,549,4.0,830,480,3,0,1,0,0,0,1
962,565,3.0,830,489,3,0,1,0,0,0,1
964,113,4.0,831,100,1,0,0,1,0,1,0
964,771,2.0,831,667,1,0,0,1,0,1,0
966,253,2.0,832,222,1,0,0,0,1,1,0
968,456,2.0,833,397,3,0,1,0,0,0,1
968,567,5.0,833,491,3,0,1,0,0,0,1
968,958,2.0,833,827,3,0,1,0,0,0,1
969,808,5.0,834,697,2,1,0,0,1,1,0
970,270,5.0,835,237,1,0,0,1,0,1,0
970,451,5.0,835,393,1,0,0,1,0,1,0
970,893,2.0,835,769,1,0,0,1,0,1,0
970,977,3.0,835,845,1,0,0,1,0,1,0
971,132,5.0,836,118,4,0,1,0,0,0,1
971,767,2.0,836,663,4,0,1,0,0,0,1
972,83,1.0,837,74,2,0,0,0,1,1,0
973,458,2.0,838,399,3,0,0,1,0,1,0
973,628,3.0,838,538,3,0,0,1,0,1,0
973,720,2.0,838,621,3,0,0,1,0,1,0
975,828,3.0,839,715,1,0,0,0,1,1,0
976,116,2.0,840,103,2,1,0,1,0,1,0
976,336,5.0,840,291,2,1,0,1,0,1,0
976,611,5.0,840,523,2,1,0,1,0,1,0
976,683,3.0,840,588,2,1,0,1,0,1,0
977,395,3.0,841,347,2,1,1,0,0,0,1
978,76,4.0,842,68,3,0,0,0,1,1,0
978,239,4.0,842,211,3,0,0,0,1,1,0
978,547,2.0,842,478,3,0,0,0,1,1,0
978,800,1.0,842,689,3,0,0,0,1,1,0
979,68,2.0,843,63,3,1,0,1,0,1,0
979,780,4.0,843,675,3,1,0,1,0,1,0
980,922,4.0,844,795,2,0,1,0,0,0,1
981,196,4.0,845,173,2,1,0,0,1,1,0
981,974,4.0,845,842,2,1,0,0,1,1,0
982,56,2.0,846,51,4,0,0,1,0,1,0
982,544,1.0,846,475,4,0,0,1,0,1,0
984,441,1.0,847,387,3,1,0,0,1,1,0
984,663,5.0,847,571,3,1,0,0,1,1,0
985,393,4.0,848,345,2,1,0,1,0,1,0
987,345,4.0,849,298,4,0,0,0,1,1,0
987,754,5.0,849,651,4,0,0,0,1,1,0
989,138,4.0,850,124,3,1,1,0,0,0,1
989,389,4.0,850,341,3,1,1,0,0,0,1
989,779,4.0,850,674,3,1,1,0,0,0,1
989,817,4.0,850,705,3,1,1,0,0,0,1
989,878,3.0,850,758,3,1,1,0,0,0,1
990,81,3.0,851,72,4,0,0,0,1,1,0
990,166,1.0,851,147,4,0,0,0,1,1,0
991,346,1.0,852,299,2,0,0,1,0,1,0
992,62,4.0,853,57,3,1,1,0,0,0,1
992,259,1.0,853,228,3,1,1,0,0,0,1
992,296,5.0,853,260,3,1,1,0,0,0,1
992,596,3.0,853,510,3,1,1,0,0,0,1
993,352,3.0,854,305,3,1,0,0,1,1,0
993,510,5.0,854,446,3,1,0,0,1,1,0
993,575,3.0,854,496,3,1,0,0,1,1,0
993,731,4.0,854,631,3,1,0,0,1,1,0
994,687,4.0,855,592,3,1,0,1,0,1,0
994,837,5.0,855,724,3,1,0,1,0,1,0
996,373,5.0,856,325,2,1,0,0,1,1,0
996,452,3.0,856,394,2,1,0,0,1,1,0
999,11,3.0,857,10,4,1,0,0,1,1,0
999,811,3.0,857,699,4,1,0,0,1,1,0
999,870,3.0,857,750,4,1,0,0,1,1,0
